Agency ID,AgencyName,CertificationType,file_name,Valid Category Status,IsDefault Category_x,May,June,July,August,September,October,November,December,January,February,March
2,CITY OF CHICAGO,DISABLED,City of Chicago.csv,VALID,Ā,75,75,74,76,74,74,75,77,76,76,76
2,CITY OF CHICAGO,MBE,City of Chicago.csv,VALID,Ā,2988,3007,3041,3077,3122,3141,3165,3184,3190,3206,3198
2,CITY OF CHICAGO,VBE,City of Chicago.csv,VALID,Ā,208,210,212,214,218,219,221,225,225,226,227
2,CITY OF CHICAGO,WBE,City of Chicago.csv,VALID,Ā,2011,2026,2044,2065,2098,2105,2117,2135,2137,2146,2140
3,STATE OF ILLINOIS,SMALL,State of Illinois.csv,VALID,Ā,111,114,114,111,115,218,217,220,232,221,222
3,STATE OF ILLINOIS,DISABLED,State of Illinois.csv,VALID,Ā,23,27,142,139,144,144,146,147,152,144,31
3,STATE OF ILLINOIS,MBE,State of Illinois.csv,VALID,Ā,2293,2030,1849,1845,1830,1818,1804,1785,1800,1778,1767
3,STATE OF ILLINOIS,SDV,State of Illinois.csv,VALID,Ā,111,114,114,111,115,117,117,118,122,114,116
3,STATE OF ILLINOIS,VBE,State of Illinois.csv,VALID,Ā,210,209,218,215,218,218,217,220,232,221,222
3,STATE OF ILLINOIS,WBE,State of Illinois.csv,VALID,Ā,1895,1765,1685,1682,1684,1673,1667,1657,1662,1623,1630
5,STATE OF NEW YORK,MBE,State of New York.csv,VALID,Ā,5765,5832,5888,5856,5941,5997,6057,6107,6146,6190,5988
5,STATE OF NEW YORK,SDVET,State of NewYork-SDVOSB.csv,VALID,YES,1304,1315,1336,1330,1342,1336,1358,1361,1373,1369,1387
5,STATE OF NEW YORK,WBE,State of New York.csv,VALID,Ā,5660,5713,5762,5706,5767,5806,5851,5884,5916,5943,5746
6,STATE OF WASHINGTON,LGBT,State of Washington.csv,VALID,,,,,10,15,2,22,23,25,29,30
6,STATE OF WASHINGTON,ACDBE,State of Washington.csv,VALID,Ā,148,148,148,153,158,163,164,164,160,140,22
6,STATE OF WASHINGTON,DBE,State of Washington.csv,VALID,Ā,1899,1921,1961,1992,2028,2053,2089,2088,2036,1819,326
6,STATE OF WASHINGTON,MBE,State of Washington.csv,VALID,Ā,2404,2438,2461,2412,2428,2458,2519,2535,2546,2501,2483
6,STATE OF WASHINGTON,SMALL,State of Washington.csv,VALID,Ā,185,188,189,195,198,199,202,204,208,2177,2130
6,STATE OF WASHINGTON,CBE,State of Washington.csv,VALID,Ā,,,,2509,,,,,40,40,41
6,STATE OF WASHINGTON,WBE,State of Washington.csv,VALID,Ā,2490,2529,2556,2509,2521,2549,2619,2641,2657,2662,2683
7,CPUC - CALIFORNIA PUBLIC UTILITIES COMMISSION,DISABLED,CPUC - California Public Utilities Commission.csv,VALID ,Ā,2305,2891,2679,2652,2691,2688,4563,4503,4435,4229,2543
7,CPUC - CALIFORNIA PUBLIC UTILITIES COMMISSION,LGBT,CPUC - California Public Utilities Commission.csv,VALID ,Ā,494,498,503,504,506,519,506,474,441,430,349
7,CPUC - CALIFORNIA PUBLIC UTILITIES COMMISSION,MBE,CPUC - California Public Utilities Commission.csv,VALID,Ā,4034,3967,3917,3865,3821,3765,3731,3711,3786,3810,3797
7,CPUC - CALIFORNIA PUBLIC UTILITIES COMMISSION,SDV,CPUC - California Public Utilities Commission.csv,VALID,Ā,1643,2274,2111,2090,2153,2168,4082,4069,4010,3838,2191
7,CPUC - CALIFORNIA PUBLIC UTILITIES COMMISSION,WBE,CPUC - California Public Utilities Commission.csv,VALID,Ā,3612,3581,3553,3530,3491,3455,3402,3371,3385,3394,3365
8,STATE OF INDIANA,MBE,State of Indiana.csv,VALID,Ā,4672,4755,4759,4812,4950,4932,4971,5072,4991,5070,4965
8,STATE OF INDIANA,VBE,State of Indiana.csv,VALID,Ā,1178,1183,1124,1165,1206,1116,1166,1172,1158,1173,1129
8,STATE OF INDIANA,WBE,State of Indiana.csv,VALID,Ā,6519,6612,6694,6689,6866,6786,6841,6973,6772,6808,6722
9,STATE OF WISCONSIN,MBE,State of Wisconsin.csv,VALID,Ā,883,883,883,879,883,838,842,828,800,798,795
9,STATE OF WISCONSIN,WBE,State of Wisconsin.csv,VALID,Ā,570,571,574,563,569,566,570,564,561,556,559
10,STATE OF MINNESOTA,DISABLED,State of Minnesota.csv,VALID,Ā,9,9,9,9,10,10,11,11,11,11,11
10,STATE OF MINNESOTA,MBE,State of Minnesota.csv,VALID,Ā,438,434,431,429,433,435,446,448,453,453,457
10,STATE OF MINNESOTA,SDV,State of Minnesota.csv,VALID,Ā,120,118,117,117,118,112,124,126,127,127,133
10,STATE OF MINNESOTA,VBE,State of Minnesota.csv,VALID,Ā,88,87,87,84,83,83,84,83,83,85,85
10,STATE OF MINNESOTA,WBE,State of Minnesota.csv,VALID,Ā,1019,1015,1015,994,987,998,1006,1017,1025,1035,1042
11,STATE OF TENNESSEE,DISABLED,State of Tennesse.csv,VALID,Ā,9,9,9,9,6,6,5,6,6,6,6
11,STATE OF TENNESSEE,MBE,State of Tennesse.csv,VALID,Ā,1060,1067,1072,1052,818,825,828,831,830,836,841
11,STATE OF TENNESSEE,SDV,State of Tennesse.csv,VALID,Ā,139,139,143,139,115,116,117,118,122,123,124
11,STATE OF TENNESSEE,SMALL,State of Tennesse.csv,VALID,Ā,545,548,547,539,425,430,431,434,436,443,448
11,STATE OF TENNESSEE,WBE,State of Tennesse.csv,VALID,Ā,1047,1051,1056,1041,840,844,847,851,853,852,854
12,STATE OF NORTH CAROLINA,DISABLED,State of North Carolina.csv,VALID,Ā,80,82,88,86,90,92,95,96,94,99,97
12,STATE OF NORTH CAROLINA,SMALL,State of North Carolina.csv,VALID,Ā,2557,2525,2540,2568,2523,2519,2510,2456,2474,2480,2401
12,STATE OF NORTH CAROLINA,WBE,State of North Carolina.csv,VALID,Ā,3092,3070,3074,3078,3074,3076,3060,3044,3046,3058,1528
13,CITY OF PHOENIX,SMALL,City of Phoenix.csv,VALID,Ā,593,590,587,583,578,579,582,589,594,593,594
14,STATE OF PENNSYLVANIA,DISABLED,State of Pennsylvania.csv,VALID,Ā,23,25,24,25,23,23,23,22,22,23,22
14,STATE OF PENNSYLVANIA,LGBT,State of Pennsylvania.csv,VALID,Ā,34,33,35,34,33,32,32,27,26,26,25
14,STATE OF PENNSYLVANIA,MBE,State of Pennsylvania.csv,VALID,Ā,803,798,805,800,792,770,770,747,733,737,733
14,STATE OF PENNSYLVANIA,SDV,State of Pennsylvania.csv,VALID,Ā,393,395,393,391,283,278,278,276,273,270,262
14,STATE OF PENNSYLVANIA,SMALL,State of Pennsylvania.csv,VALID ,Ā,5541,5539,5573,5567,5512,5376,5376,5220,5186,5223,5233
14,STATE OF PENNSYLVANIA,VBE,State of Pennsylvania.csv,VALID,Ā,385,387,384,383,385,374,374,362,361,360,355
14,STATE OF PENNSYLVANIA,WBE,State of Pennsylvania.csv,VALID,Ā,1017,1025,1031,1019,1005,979,979,928,901,895,908
15,STATE OF TEXAS (HUB),MBE,State of Texas(HUB).csv,VALID,Ā,10100,10269,10308,10600,10675,10767,10761,10578,2526,2321,2286
16,"CITY OF NEW YORK, NY",LOCAL,City of New York.csv,VALID,Ā,13,13,13,12,12,12,12,12,12,0,4
16,"CITY OF NEW YORK, NY",MBE,City of New York.csv,VALID,Ā,8618,8618,8629,8599,8508,8545,8545,8545,8545,8523,8369
16,"CITY OF NEW YORK, NY",SMALL,City of New York.csv,VALID,Ā,13,13,13,12,12,12,12,12,12,0,
16,"CITY OF NEW YORK, NY",WBE,City of New York.csv,VALID,Ā,6394,6394,6399,6365,6319,6347,6347,6347,6347,6337,6204
17,AZ UCP - ARIZONA UNIFIED CERTIFICATION PROGRAM,DBE,ArizonaUnifiedCertificationProgram-Default.csv,VALID,Ā,1298,1257,1261,1267,1270,1276,1275,1274,1271,1262,1253
18,STATE OF OREGON,ACDBE,State of Oregon.csv,VALID,Ā,82,83,84,86,87,88,89,88,88,21,25
18,STATE OF OREGON,DBE,State of Oregon.csv,VALID,Ā,931,950,961,974,991,1001,1000,997,991,276,295
18,STATE OF OREGON,MBE,State of Oregon.csv,VALID,Ā,1004,1018,1042,1060,1077,1098,1117,1123,1133,1137,1143
18,STATE OF OREGON,SMALL,State of Oregon.csv,VALID,Ā,1715,1739,1768,1809,1843,1883,1918,1934,1958,1966,1987
18,STATE OF OREGON,WBE,State of Oregon.csv,VALID,Ā,1427,1446,1460,1487,1513,1534,1556,1559,1570,1573,1587
19,STATE OF OHIO,EDGE,StateOfOhio.csv,VALID,Ā,1349,1323,1255,1249,1244,1233,1231,1212,1230,1217,1229
19,STATE OF OHIO,MBE,StateOfOhio.csv,Valid,Ā,1704,1691,1605,1601,1607,1597,1593,1564,1550,1545,1561
19,STATE OF OHIO,WBE,StateOfOhio.csv,VALID,Ā,1309,1301,1270,1260,1271,1276,1261,1258,1285,1264,1275
20,MARYLAND DOT,ACDBE,Maryland DOT.csv,VALID,Ā,447,453,459,465,467,469,467,455,431,441,448
20,MARYLAND DOT,DBE,Maryland DOT.csv,VALID,Ā,9011,9011,9005,9004,9001,9014,8864,8587,8230,8412,8542
21,STATE OF NEW JERSEY,MBE,State of New Jersey.csv,VALID,Ā,4046,4016,4003,4012,3873,3907,3979,3976,3985,3934,3979
21,STATE OF NEW JERSEY,SDV,State of New Jersey.csv,VALID,Ā,285,288,291,292,300,300,308,310,314,320,330
21,STATE OF NEW JERSEY,SMALL,State of New Jersey.csv,VALID,Ā,7639,7552,7445,7343,7283,7251,7171,7176,7088,7119,7156
21,STATE OF NEW JERSEY,VBE,State of New Jersey.csv,VALID,Ā,456,456,457,459,472,475,517,519,523,527,532
21,STATE OF NEW JERSEY,WBE,State of New Jersey.csv,VALID,Ā,3592,3567,3525,3562,3434,3438,3489,3477,3513,3489,3519
22,STATE OF MISSOURI,MBE,StateofMissouri-Default.csv,VALID,Ā,756,755,746,732,718,717,708,704,683,688,687
22,STATE OF MISSOURI,SDV,State of Missouri_(SDVET).csv,VALID,YES,233,229,229,233,230,234,229,230,0,232,236
22,STATE OF MISSOURI,WBE,StateofMissouri-Default.csv,VALID,Ā,1180,1180,1163,1152,1142,1136,1132,1116,1091,1088,1091
23,STATE OF MASSACHUSETTS (SOWMBA),ACDBE,State of MassachusetsSDO.csv,VALID,Ā,96,96,92,94,96,96,94,94,94,94,94
23,STATE OF MASSACHUSETTS (SOWMBA),DBE,State of MassachusetsSDO.csv,VALID,Ā,1115,1123,1132,1144,1153,1161,1161,1156,1155,1154,1145
23,STATE OF MASSACHUSETTS (SOWMBA),LGBT,State of MassachusetsSDO.csv,VALID,Ā,81,81,82,83,83,83,83,85,85,82,81
23,STATE OF MASSACHUSETTS (SOWMBA),MBE,State of MassachusetsSDO.csv,VALID,Ā,2016,2051,2071,2071,2143,2094,2113,2115,2113,2120,2130
23,STATE OF MASSACHUSETTS (SOWMBA),SDV,State of MassachusetsSDO.csv,VALID,Ā,17,17,17,17,17,18,19,19,18,17,19
23,STATE OF MASSACHUSETTS (SOWMBA),VBE,State of MassachusetsSDO.csv,VALID,Ā,108,116,117,116,115,117,120,122,120,122,122
23,STATE OF MASSACHUSETTS (SOWMBA),WBE,State of MassachusetsSDO.csv,VALID,Ā,2538,2563,2591,2586,2599,2616,2630,2657,2655,2653,2656
24,STATE OF LOUISIANA,SDV,State of Lousiana.csv,VALID,Ā,307,307,305,305,308,314,312,316,321,320,324
24,STATE OF LOUISIANA,SMALL,State of Lousiana.csv,VALID,Ā,2471,2471,2432,2413,2407,2420,2422,2406,2396,2373,2358
24,STATE OF LOUISIANA,VBE,State of Lousiana.csv,VALID,Ā,447,447,446,445,446,448,447,450,450,443,446
25,STATE OF CALIFORNIA,SDV,State of California.csv,VALID,Ā,2145,2181,2091,2166,2165,2299,2151,2198,2154,2142,2140
25,STATE OF CALIFORNIA,SMALL,State of California.csv,VALID,Ā,21233,21698,21128,21307,21918,22018,21230,21771,21285,20987,20832
26,STATE OF FLORIDA,MBE,StateOfFlorida-Default.csv,VALID,Ā,4710,4685,4679,4692,4692,4692,4516,4484,4437,4351,4264
26,STATE OF FLORIDA,VBE,StateOfFlorida-Default.csv,VALID,Ā,7428,7414,7413,7469,7469,7469,7236,7182,7118,6989,6890
26,STATE OF FLORIDA,WBE,StateOfFlorida-Default.csv,VALID,Ā,7428,7414,7413,7469,7469,7469,7236,7182,7118,6989,6890
27,THE PORT AUTHORITY OF NEW YORK & NEW JERSEY,ACDBE,The Port Authority of New York & New Jersey.csv,VALID,Ā,586,595,610,616,626,632,632,632,632,632,632
27,THE PORT AUTHORITY OF NEW YORK & NEW JERSEY,DBE,The Port Authority of New York & New Jersey.csv,VALID,Ā,4811,4850,4890,4946,4996,5012,5011,4627,4417,4378,4369
27,THE PORT AUTHORITY OF NEW YORK & NEW JERSEY,MBE,The Port Authority of New York & New Jersey.csv,VALID,Ā,5635,5680,5731,5776,5813,5847,5882,5918,5941,5975,6020
27,THE PORT AUTHORITY OF NEW YORK & NEW JERSEY,SDV,The Port Authority of New York & New Jersey.csv,VALID,Ā,150,153,154,158,159,161,164,165,167,169,171
27,THE PORT AUTHORITY OF NEW YORK & NEW JERSEY,SMALL,The Port Authority of New York & New Jersey.csv,VALID,Ā,3312,3327,3343,3355,3370,3379,3388,3396,3399,3403,3410
27,THE PORT AUTHORITY OF NEW YORK & NEW JERSEY,WBE,The Port Authority of New York & New Jersey.csv,VALID,Ā,4094,4137,4167,4192,4207,4230,4258,4283,4294,4312,4340
28,"CITY OF DENVER, CO",SMALL,"City of Denver, CO.csv",VALID,Ā,1970,1970,1994,2000,2020,2028,2055,2049,2059,2077,2041
29,"CITY OF NEW ORLEANS, LA",DBE,"City of New Orleans, LA.csv",VALID,Ā,387,411,428,441,443,441,447,452,394,397,402
30,MILWAUKEE METROPOLITAN SEWERAGE DISTRICT,MBE,Milwaukee Metropolitan Sewerage District.csv,VALID,Ā,75,79,80,84,81,82,80,80,79,77,69
30,MILWAUKEE METROPOLITAN SEWERAGE DISTRICT,SMALL,Milwaukee Metropolitan Sewerage District.csv,VALID ,Ā,236,235,232,234,202,220,236,233,230,247,252
30,MILWAUKEE METROPOLITAN SEWERAGE DISTRICT,VBE,Milwaukee Metropolitan Sewerage District.csv,Valid,Ā,4,5,7,7,8,8,8,8,8,8,8
30,MILWAUKEE METROPOLITAN SEWERAGE DISTRICT,WBE,Milwaukee Metropolitan Sewerage District.csv,VALID ,Ā,61,60,61,55,40,41,51,50,49,45,41
31,"CITY OF BALTIMORE, MD",MBE,"City of Baltimore, MD.csv",VALID ,Ā,962,961,949,946,946,952,949,955,937,924,918
31,"CITY OF BALTIMORE, MD",WBE,"City of Baltimore, MD.csv",VALID ,Ā,691,689,687,693,696,698,691,693,684,676,667
32,NORTHEAST OHIO REGIONAL SEWER DISTRICT,MBE,Northeast Ohio Regional Sewer District.csv,VALID,Ā,124,121,121,119,118,117,119,119,0,0,
32,NORTHEAST OHIO REGIONAL SEWER DISTRICT,SMALL,Northeast Ohio Regional Sewer District.csv,VALID,Ā,307,302,301,302,297,296,296,292,295,294,291
32,NORTHEAST OHIO REGIONAL SEWER DISTRICT,WBE,Northeast Ohio Regional Sewer District.csv,VALID,Ā,160,156,156,153,153,153,154,148,0,0,
33,CO UCP - COLORADO UNIFIED CERTIFICATION PROGRAM,ACDBE,Colorado Unified Certification Program.csv,VALID,Ā,361,365,366,370,374,380,381,380,208,207,200
33,CO UCP - COLORADO UNIFIED CERTIFICATION PROGRAM,DBE,Colorado Unified Certification Program.csv,VALID,Ā,1817,1820,1835,1856,1865,1886,1886,1875,1674,1642,1109
34,"CITY OF JACKSONVILLE, FL",SMALL,"City of Jacksonville, FL.csv",VALID,YES,480,495,503,514,524,535,546,556,566,573,584
35,"CITY OF HOUSTON, TX",ACDBE,City of Houston.csv,VALID,Ā,969,972,972,985,988,1006,1001,1007,1005,951,959
35,"CITY OF HOUSTON, TX",DBE,City of Houston.csv,VALID,Ā,5569,5600,5613,5664,5684,5757,5693,5710,5699,5274,5295
35,"CITY OF HOUSTON, TX",DISABLED,City of Houston.csv,VALID,Ā,149,150,152,142,142,148,150,153,154,156,157
35,"CITY OF HOUSTON, TX",MBE,City of Houston.csv,VALID,Ā,4320,4349,4378,3653,3668,3712,3747,3775,3783,3798,3817
35,"CITY OF HOUSTON, TX",SMALL,City of Houston.csv,VALID,Ā,2081,2092,3603,4778,4794,4852,4892,4935,4946,4965,4987
35,"CITY OF HOUSTON, TX",LGBT,City of Houston.csv,VALID,,,,,,,,,,67,77,77
35,"CITY OF HOUSTON, TX",WBE,City of Houston.csv,VALID,Ā,2564,2579,2590,2149,2156,2191,2211,2226,2229,2236,2246
36,MISSOURI DOT,DBE,Missouri DOT.csv,VALID,YES,0,0,718,739,748,750,748,746,746,740,730
38,STATE OF IOWA,DISABLED,State of Iowa.csv,VALID,Ā,41,41,39,40,43,42,42,43,45,0,
38,STATE OF IOWA,MBE,State of Iowa.csv,VALID,Ā,146,151,151,147,152,151,145,143,149,0,
38,STATE OF IOWA,SDV,State of Iowa.csv,VALID,Ā,21,22,21,42,42,43,45,44,43,0,
38,STATE OF IOWA,WBE,State of Iowa.csv,VALID,Ā,619,631,620,618,619,615,345,333,578,0,
40,STATE OF SOUTH CAROLINA,WBE,State of South Carolina.csv,VALID,Ā,411,411,411,413,414,166,166,405,405,405,405
40,STATE OF SOUTH CAROLINA,MBE,State of South Carolina.csv,VALID,Ā,595,595,595,583,585,583,583,569,569,569,569
41,"CITY OF CLEVELAND, OH",LGBT,"City of Cleveland,OH.csv",VALID,Ā,1,1,1,1,1,1,1,1,0,0,
41,"CITY OF CLEVELAND, OH",LOCAL,"City of Cleveland,OH.csv",VALID,Ā,757,768,762,758,748,760,745,738,743,749,739
41,"CITY OF CLEVELAND, OH",MBE,"City of Cleveland,OH.csv",VALID,Ā,425,432,437,440,431,440,430,428,426,428,425
41,"CITY OF CLEVELAND, OH",SMALL,"City of Cleveland,OH.csv",VALID,Ā,757,768,762,758,748,760,745,738,743,749,739
41,"CITY OF CLEVELAND, OH",WBE,"City of Cleveland,OH.csv",VALID,Ā,418,424,421,416,410,412,401,388,387,388,390
42,"CITY OF EVANSVILLE, IN",MBE,"City of Evansville, IN.csv",VALID,Ā,4643,4755,4759,4812,4950,4932,4971,5072,4991,5070,4850
42,"CITY OF EVANSVILLE, IN",WBE,"City of Evansville, IN.csv",VALID,Ā,6454,6612,6694,6689,6866,6786,6841,6973,6772,6808,6689
43,STATE OF RHODE ISLAND,MBE,StateOfRhodeIsland-Default.csv,VALID,Ā,820,820,822,824,827,834,836,836,835,834,834
43,STATE OF RHODE ISLAND,WBE,StateOfRhodeIsland-Default.csv,VALID,Ā,882,882,887,886,892,902,659,659,658,659,
44,"CITY OF TAMPA, FL",LOCAL,"City of Tampa, FL.csv",VALID,Ā,732,726,730,734,724,731,723,718,731,724,721
44,"CITY OF TAMPA, FL",MBE,"City of Tampa, FL.csv",VALID,Ā,595,582,590,590,589,595,591,580,580,552,544
44,"CITY OF TAMPA, FL",SMALL,"City of Tampa, FL.csv",VALID,Ā,732,726,730,734,724,731,723,718,731,724,721
44,"CITY OF TAMPA, FL",WBE,"City of Tampa, FL.csv",VALID,Ā,204,204,203,203,203,200,198,195,195,185,183
45,CA UCP - CALIFORNIA UNIFIED CERTIFICATION PROGRAM,DBE,CUCP_DBE.csv,VALID,Ā,3126,3063,3170,3182,3218,3237,3274,3274,3271,3227,3216
46,"ORANGE COUNTY, FL",SDV,OrangeCountyFL-Default.csv,VALID,Ā,27,26,23,21,41,21,20,16,23,24,22
46,"ORANGE COUNTY, FL",VBE,OrangeCountyFL-Default.csv,VALID,Ā,27,26,23,21,41,21,20,16,23,24,22
46,"ORANGE COUNTY, FL",MBE,OrangeCountyFL-Default.csv,VALID,Ā,320,339,331,314,0,0,0,0,0,0,
46,"ORANGE COUNTY, FL",WBE,OrangeCountyFL-Default.csv,VALID,Ā,149,154,151,141,0,0,0,0,0,0,
47,PA UCP - PENNSYLVANIA UNIFIED CERTIFICATION PROGRAM,ACDBE,PennsilvaniaUCP-AllItems.csv,VALID,Ā,217,216,215,216,220,222,220,220,220,220,220
47,PA UCP - PENNSYLVANIA UNIFIED CERTIFICATION PROGRAM,DBE,PennsilvaniaUCP-AllItems.csv,VALID,Ā,2633,2650,2656,2644,2649,2659,2633,2633,2633,2633,2633
48,"CITY OF AUSTIN, TX",DBE,"City of Austin, TX.csv",VALID,Ā,722,717,728,737,752,758,753,742,732,715,713
48,"CITY OF AUSTIN, TX",MBE,"City of Austin, TX.csv",VALID,Ā,1408,1413,1435,1449,1469,1473,1473,1450,1462,1458,1487
48,"CITY OF AUSTIN, TX",SMALL,"City of Austin, TX.csv",VALID,Ā,130,133,132,129,132,128,127,128,128,128,
48,"CITY OF AUSTIN, TX",WBE,"City of Austin, TX.csv",VALID,Ā,1082,1072,1074,1084,1097,1097,1086,1073,1070,1073,1084
49,FLORIDA DOT,SMALL,FLORIDA_INTERNETGROUP.CSV,VALID,,,,,,,,,253,698,248,248
49,FLORIDA DOT,SMALL,FLORIDA_SBE.CSV,VALID,,,,,,,,,1862,1817,1732,248
49,FLORIDA DOT,DBE,Florida DOT.csv,VALID,Ā,3135,3173,3185,3218,3276,3277,3282,0,0,0,
50,FL UCP - FLORIDA UNIFIED CERTIFICATION PROGRAM,DBE,Florida UCA.csv,VALID,Ā,3135,3173,3185,3218,3276,3277,3282,0,0,0,
52,SOUTH CENTRAL TEXAS REGIONAL CERTIFICATION AGENCY,ACDBE,Sctrca.csv,VALID ,Ā,698,695,701,703,707,710,712,712,715,722,729
52,SOUTH CENTRAL TEXAS REGIONAL CERTIFICATION AGENCY,DBE,Sctrca.csv,VALID,Ā,3872,3884,3897,3909,3922,3944,3919,3926,3939,3892,3917
52,SOUTH CENTRAL TEXAS REGIONAL CERTIFICATION AGENCY,DISABLED,Sctrca.csv,VALID,Ā,126,122,108,113,111,108,112,109,109,108,108
52,SOUTH CENTRAL TEXAS REGIONAL CERTIFICATION AGENCY,MBE,Sctrca.csv,VALID,Ā,924,912,879,875,880,879,887,863,858,911,906
52,SOUTH CENTRAL TEXAS REGIONAL CERTIFICATION AGENCY,SMALL,Sctrca.csv,VALID,Ā,1241,1231,1206,1193,1187,1183,1204,1181,1175,1244,1236
52,SOUTH CENTRAL TEXAS REGIONAL CERTIFICATION AGENCY,VBE,Sctrca.csv,VALID,Ā,204,203,187,187,180,182,189,183,181,180,175
52,SOUTH CENTRAL TEXAS REGIONAL CERTIFICATION AGENCY,WBE,Sctrca.csv,VALID,Ā,608,594,587,580,579,567,570,555,554,574,570
54,METROPOLITAN TRANSIT METRO (TX),SMALL,Houston Metro.csv,VALID,YES,2075,2129,2187,2201,2222,2256,2268,2277,2305,2305,2266
55,TX UCP - TEXAS UNIFIED CERTIFICATION PROGRAM,ACDBE,Texas Unified Certification Program (TUCP).csv,VALID,Ā,970,969,972,982,988,1005,1001,1004,1005,951,959
55,TX UCP - TEXAS UNIFIED CERTIFICATION PROGRAM,DBE,Texas Unified Certification Program (TUCP).csv,VALID,Ā,5575,5594,5612,5640,5683,5753,5693,5700,5699,5274,5295
55,TX UCP - TEXAS UNIFIED CERTIFICATION PROGRAM,SMALL,Texas Unified Certification Program (TUCP).csv,VALID,Ā,821,820,824,826,818,816,814,821,827,838,909
56,"CITY OF KANSAS, MO",ACDBE,"City of Kansas, MO.csv",VALID,Ā,74,72,71,70,73,71,70,71,70,66,60
56,"CITY OF KANSAS, MO",DBE,"City of Kansas, MO.csv",VALID,Ā,682,678,669,665,658,651,652,652,634,618,585
56,"CITY OF KANSAS, MO",LOCAL,"City of Kansas, MO.csv",VALID,Ā,343,350,349,344,325,295,291,289,280,261,258
56,"CITY OF KANSAS, MO",MBE,"City of Kansas, MO.csv",VALID,Ā,258,262,261,262,248,235,237,237,229,223,224
56,"CITY OF KANSAS, MO",SMALL,"City of Kansas, MO.csv",VALID,Ā,436,444,440,434,415,385,380,378,367,348,437
56,"CITY OF KANSAS, MO",WBE,"City of Kansas, MO.csv",VALID,Ā,268,273,279,279,268,251,256,250,245,239,235
57,NV UCP - NEVADA UNIFIED CERTIFICATION PROGRAM,ACDBE,NevadaUCP-AllItems.csv,VALID,,,,,,,,,,151,147,107
57,NV UCP - NEVADA UNIFIED CERTIFICATION PROGRAM,DBE,NevadaUCP-AllItems.csv,VALID,Ā,728,730,717,688,715,724,250,249,248,242,194
58,CHEROKEE NATION,MBE,CherokeeNation-AllItems.csv,VALID,YES,821,826,810,808,808,815,830,833,833,838,845
59,ALABAMA DOT,DBE,Alabama DOTDBE.csv,VALID,YES,426,432,432,439,439,440,446,445,445,433,433
60,AL UCP - ALABAMA UNIFIED CERTIFICATION PROGRAM,DBE,Alabama UCPDBE.csv,VALID,YES,426,432,432,439,439,440,446,445,445,433,433
61,AK UCP - ALASKA UNIFIED CERTIFICATION PROGRAM,ACDBE,Alaska UCP.csv,VALID,Ā,39,39,39,41,41,42,42,10,11,11,12
61,AK UCP - ALASKA UNIFIED CERTIFICATION PROGRAM,MBE,Alaska UCP.csv,VALID,Ā,125,127,129,133,135,133,133,68,68,1,
61,AK UCP - ALASKA UNIFIED CERTIFICATION PROGRAM,WBE,Alaska UCP.csv,VALID,Ā,111,111,113,118,119,119,120,66,66,0,
62,"CITY OF ALAMEDA, CA",SMALL,"City of Alameda, CA.csv",VALID,Ā,929,935,924,926,930,941,953,963,967,971,981
63,IL UCP - ĀILLINOIS UNIFIED CERTIFICATION PROGRAM,DBE,Illinois UCP.csv,VALID,YES,3323,3368,3389,3391,3424,3449,3449,0,0,3449,3458
65,"CITY OF CHARLESTON, SC",MBE,City of Charlston.csv,VALID,Ā,199,199,215,219,213,209,212,218,214,0,
65,"CITY OF CHARLESTON, SC",WBE,City of Charlston.csv,VALID,Ā,175,175,181,182,181,177,184,187,184,0,
65,"CITY OF CHARLESTON, SC",SMALL,City of Charlston.csv,VALID,YES,,,,,,,,,,286,289
66,"CITY OF LOS ANGELES, CA",ACDBE,CityofLosAngeles-AllItems.csv,VALID,Ā,139,139,140,141,142,142,142,143,143,143,143
66,"CITY OF LOS ANGELES, CA",DBE,CityofLosAngeles-AllItems.csv,VALID,Ā,417,418,407,406,406,406,406,406,406,406,406
66,"CITY OF LOS ANGELES, CA",MBE,CityofLosAngeles-AllItems.csv,VALID,Ā,1183,1181,1181,1185,1186,1186,1186,1190,1190,1192,1193
66,"CITY OF LOS ANGELES, CA",WBE,CityofLosAngeles-AllItems.csv,VALID,Ā,876,879,877,878,878,878,878,881,885,885,887
67,"CITY OF MILWAUKEE, WI",SMALL,"City of Milwaukee, WI.csv",VALID,Ā,213,207,211,212,214,206,199,196,195,195,193
68,"CITY OF ORLANDO, FL",MBE,"City of Orlando, FL.csv",VALID,Ā,367,382,376,376,376,376,508,0,0,0,
68,"CITY OF ORLANDO, FL",WBE,"City of Orlando, FL.csv",VALID,Ā,215,229,225,225,225,225,225,0,0,0,
71,"CITY OF SAN FRANCISCO, CA",LOCAL,"City of San Fransisco, CA.csv",VALID,Ā,915,913,903,899,897,897,914,889,896,890,883
71,"CITY OF SAN FRANCISCO, CA",MBE,"City of San Fransisco, CA.csv",VALID,Ā,354,356,352,351,349,350,356,349,349,351,346
71,"CITY OF SAN FRANCISCO, CA",SMALL,"City of San Fransisco, CA.csv",VALID,Ā,915,913,903,899,897,897,914,889,896,890,883
71,"CITY OF SAN FRANCISCO, CA",WBE,"City of San Fransisco, CA.csv",VALID,Ā,236,232,226,223,224,221,221,220,221,215,213
72,CUYAHOGA METROPOLITAN HOUSING,MBE,CuyahogaMetropolitanHousing-Default.csv,VALID,Ā,179,181,181,177,182,204,204,127,146,146,151
72,CUYAHOGA METROPOLITAN HOUSING,WBE,CuyahogaMetropolitanHousing-Default.csv,VALID,Ā,100,104,104,101,104,110,110,102,87,87,91
73,GA UCP - GEORGIA UNIFIED CERTIFICATION PROGRAM,DBE,GEORGIA DOT.csv,VALID,Ā,4917,4948,5011,4790,4784,4815,4815,4770,4769,4760,4767
75,MN UCP - MINNESOTA UNIFIED CERTIFICATION PROGRAM,ACDBE,MINNESOTA UNIFIED CERTIFICATION PROGRAM (MN UCP).csv,VALID,Ā,5385,5378,5386,5372,5378,5415,5415,5415,0,0,
75,MN UCP - MINNESOTA UNIFIED CERTIFICATION PROGRAM,DBE,MINNESOTA UNIFIED CERTIFICATION PROGRAM (MN UCP).csv,VALID,,,,,,5,0,5,5,0,0,
77,NC UCP - NORTH CAROLINA UNIFIED CERTIFICATION PROGRAM,ACDBE,North Carolina UCP.csv,VALID,Ā,340,336,336,340,345,351,351,353,349,344,335
77,NC UCP - NORTH CAROLINA UNIFIED CERTIFICATION PROGRAM,DBE,North Carolina UCP.csv,VALID,Ā,2848,2832,2794,2814,2856,2880,2897,2900,2852,2815,2760
77,NC UCP - NORTH CAROLINA UNIFIED CERTIFICATION PROGRAM,MBE,North Carolina UCP.csv,VALID,Ā,1931,1916,1891,1903,1929,1947,1954,1957,1930,1905,1869
77,NC UCP - NORTH CAROLINA UNIFIED CERTIFICATION PROGRAM,SMALL,North Carolina UCP.csv,VALID,Ā,1691,1718,1738,1738,1757,1799,1832,1849,1656,1520,1277
77,NC UCP - NORTH CAROLINA UNIFIED CERTIFICATION PROGRAM,WBE,North Carolina UCP.csv,VALID,Ā,677,679,673,681,691,694,698,698,693,693,686
78,OH UCP - OHIO UNIFIED CERTIFICATION PROGRAM,ACDBE,Ohio UCP.csv,VALID,Ā,1032,1057,1076,1078,1103,1113,1113,0,0,0,
78,OH UCP - OHIO UNIFIED CERTIFICATION PROGRAM,DBE,Ohio UCP.csv,VALID,Ā,8491,8604,8688,8772,8847,8900,8900,0,0,0,
80,STATE OF KANSAS,ACDBE,State of Kansas.csv,VALID,Ā,31,34,35,36,36,36,36,0,0,0,
80,STATE OF KANSAS,MBE,State of Kansas.csv,VALID,Ā,383,382,384,391,389,391,393,394,387,386,390
80,STATE OF KANSAS,WBE,State of Kansas.csv,VALID,Ā,457,455,457,461,459,462,465,465,457,454,457
82,WI UCP - WISCONSIN UNIFIED CERTIFICATION PROGRAM,DBE,Wisconsin UCP.csv,VALID,Ā,1178,1178,1257,1275,1279,1293,1293,0,0,0,
83,SC UCP - SOUTH CAROLINA UNIFIED CERTIFICATION PROGRAM,DBE,South Carolina UCPDBE.csv,VALID,YES,1125,1142,1128,1151,1154,1154,1154,0,0,0,
83,SC UCP - SOUTH CAROLINA UNIFIED CERTIFICATION PROGRAM,SMALL,South Carolina UCPSBE.csv,VALID,YES,1125,1142,1128,1151,1154,1154,1154,0,0,284,291
84,STATE OF DELAWARE,DISABLED,State of Delaware.csv,VALID,Ā,56,56,49,49,0,0,0,0,0,0,
84,STATE OF DELAWARE,MBE,State of Delaware.csv,VALID,Ā,610,610,610,614,520,521,512,515,517,513,516
84,STATE OF DELAWARE,SMALL,State of Delaware_SBE.csv,VALID,Ā,523,523,529,536,456,457,456,454,455,451,455
84,STATE OF DELAWARE,VBE,State of Delaware.csv,VALID,Ā,84,84,2,2,2,3,3,3,72,5,5
84,STATE OF DELAWARE,WBE,State of Delaware.csv,VALID,Ā,616,616,616,37,39,44,53,55,65,69,75
84,STATE OF DELAWARE,SDV,State of Delaware.csv,VALID,,,,,1,1,1,1,2,6,2,2
86,STATE OF VIRGINIA,ACDBE,StateOfVirginia-Default.csv,VALID,Ā,465,470,482,486,495,146,145,493,0,0,
86,STATE OF VIRGINIA,VBE,StateOfVirginia-Default.csv,VALID,Ā,937,561,559,567,587,70,71,71,76,109,115
86,STATE OF VIRGINIA,DBE,StateOfVirginia-Default.csv,VALID,Ā,3587,3595,3627,3644,3681,2792,2785,3703,0,2,2
86,STATE OF VIRGINIA,MBE,StateOfVirginia-Default.csv,VALID,Ā,6798,6804,6824,6880,6917,6939,6941,6971,7021,7108,7188
86,STATE OF VIRGINIA,SDV,StateOfVirginia-Default.csv,VALID,Ā,937,943,953,972,1001,1019,1022,1030,1051,1088,1112
86,STATE OF VIRGINIA,SMALL,StateOfVirginia-Default.csv,VALID,Ā,13723,13619,13624,13752,13840,13881,13894,13927,14086,14137,14431
86,STATE OF VIRGINIA,WBE,StateOfVirginia-Default.csv,VALID,Ā,5930,5895,5889,5941,5977,5997,6004,6023,6066,6144,6208
87,WASHINGTON METRO AREA,DBE,Washington Metro Area.csv,VALID,Ā,1808,1810,1808,1811,1813,1817,1816,1816,1817,1817,1537
87,WASHINGTON METRO AREA,MBE,Washington Metro Area.csv,VALID,Ā,1519,1781,1851,1855,1861,1867,1866,1866,1867,1867,1868
87,WASHINGTON METRO AREA,SMALL,Washington Metro Area.csv,VALID,Ā,1927,1932,1931,1934,1934,1940,1944,1942,1946,1941,1659
90,METROPOLITAN SEWER DISTRICT OF GREATER CINCINNATI,LOCAL,Metropolitan Sewer District of Greater Cincinnati.csv,VALID,Ā,74,74,73,74,77,76,76,76,76,77,76
90,METROPOLITAN SEWER DISTRICT OF GREATER CINCINNATI,SMALL,Metropolitan Sewer District of Greater Cincinnati.csv,VALID,Ā,309,300,293,320,316,317,319,300,313,306,303
91,CITY OF CINCINNATI,LOCAL,City of Cincinnati.csv,VALID,Ā,74,74,73,74,77,76,76,76,76,77,76
91,CITY OF CINCINNATI,MBE,City of Cincinnati.csv,VALID,Ā,138,137,138,143,144,140,143,138,139,140,137
91,CITY OF CINCINNATI,SMALL,City of Cincinnati.csv,VALID,Ā,468,460,448,479,477,472,478,457,471,468,457
91,CITY OF CINCINNATI,WBE,City of Cincinnati.csv,VALID,Ā,88,88,88,91,94,91,91,90,90,90,89
92,HILLSBOROUGH COUNTY,DBE,"HILLSBOROUGH COUNTY, FL.csv",VALID,Ā,939,946,947,974,951,922,871,828,790,744,710
92,HILLSBOROUGH COUNTY,MBE,"HILLSBOROUGH COUNTY, FL.csv",VALID,Ā,939,946,947,974,951,922,871,828,790,744,710
92,HILLSBOROUGH COUNTY,SMALL,"HILLSBOROUGH COUNTY, FL.csv",VALID,Ā,809,812,806,822,812,810,845,869,871,871,868
92,HILLSBOROUGH COUNTY,WBE,"HILLSBOROUGH COUNTY, FL.csv",VALID,Ā,939,946,947,974,951,922,871,828,790,744,710
94,CITY OF ATLANTA,MBE,"CITY OF ATLANTA,GA.csv",VALID,Ā,999,999,1014,1020,1019,1022,1026,1019,1019,1003,1014
94,CITY OF ATLANTA,SMALL,"CITY OF ATLANTA,GA.csv",VALID,Ā,1266,1268,1286,1283,1281,1285,1294,1288,1286,1259,1273
94,CITY OF ATLANTA,WBE,"CITY OF ATLANTA,GA.csv",VALID,Ā,538,541,546,541,538,542,547,540,543,536,539
95,WASHINGTON SUBURBAN SANITARY COMMISION,MBE,Washington Suburban Sanitary Commision.csv,VALID,Ā,2083,2088,2096,2107,2110,2122,2135,2143,2147,2155,2179
95,WASHINGTON SUBURBAN SANITARY COMMISION,SMALL,Washington Suburban Sanitary Commision.csv,VALID,Ā,102,109,110,109,96,100,106,108,106,102,103
95,WASHINGTON SUBURBAN SANITARY COMMISION,WBE,Washington Suburban Sanitary Commision.csv,VALID,Ā,947,950,951,957,958,963,962,963,962,965,979
97,COOK COUNTY,DISABLED,"COOK COUNTY, IL.csv",VALID,Ā,9,10,10,9,10,10,11,11,11,11,11
97,COOK COUNTY,MBE,"COOK COUNTY, IL.csv",VALID,Ā,2988,3007,3041,3077,3122,3141,3165,3182,3191,3206,3198
97,COOK COUNTY,SDV,"COOK COUNTY, IL.csv",VALID,Ā,21,23,23,23,24,24,25,25,25,25,25
97,COOK COUNTY,VBE,"COOK COUNTY, IL.csv",VALID,Ā,208,210,212,214,218,219,221,225,225,226,227
97,COOK COUNTY,WBE,"COOK COUNTY, IL.csv",VALID,Ā,2011,2026,2044,2065,2098,2105,2117,2134,2138,2147,2140
99,NASHVILLE METRO AIRPORT AUTHORITY,DBE,Nashville Metro Airport Authority.csv,VALID,Ā,182,184,190,189,189,189,189,0,0,0,
99,NASHVILLE METRO AIRPORT AUTHORITY,MBE,Nashville Metro Airport Authority.csv,VALID,Ā,232,234,234,232,232,232,232,0,0,0,
99,NASHVILLE METRO AIRPORT AUTHORITY,SMALL,Nashville Metro Airport Authority.csv,VALID,Ā,41,42,42,42,42,42,42,0,0,0,
99,NASHVILLE METRO AIRPORT AUTHORITY,WBE,Nashville Metro Airport Authority.csv,VALID,Ā,98,98,102,101,101,101,101,0,0,0,
104,CITY OF DAYTON,MBE,City of Dayton.csv,VALID,Ā,96,94,89,86,82,80,76,68,63,62,68
104,CITY OF DAYTON,SMALL,City of Dayton.csv,VALID,Ā,137,176,175,167,157,156,149,137,128,126,132
104,CITY OF DAYTON,WBE,City of Dayton.csv,VALID,Ā,60,59,59,57,55,53,48,45,44,45,47
106,"CITY OF ST LOUIS, MO",MBE,"City of St Louis, MO.csv",VALID,Ā,735,745,746,748,748,752,760,761,764,765,767
106,"CITY OF ST LOUIS, MO",WBE,"City of St Louis, MO.csv",VALID,Ā,468,472,475,476,476,477,479,481,483,483,483
114,NAABA - NORTHEASTERN ALBERTA ABORIGINAL BUSINESS ASSOCIATION,MBE,NAABA.csv,VALID,YES,98,98,97,93,93,81,92,92,78,76,79
120,ILLINOIS DOT,DBE,Illinois Department of Transport (IDOT).csv,VALID,YES,3323,3368,3389,3391,3424,3449,3449,0,0,3449,3458
126,WBENC,WBE,WBENC.csv,VALID,YES,330,335,335,371,359,359,378,379,374,379,375
127,NAMWOLF,LGBT,NAMWOLF-Default.csv,VALID,Ā,8,8,8,8,8,8,8,8,8,7,7
127,NAMWOLF,MBE,NAMWOLF-Default.csv,VALID,Ā,95,94,94,95,93,93,93,94,95,93,93
127,NAMWOLF,WBE,NAMWOLF-Default.csv,VALID,Ā,120,118,118,119,120,120,120,116,114,112,112
129,ARIZONA DOT,ACDBE,Arizona DOT.csv,VALID,Ā,205,204,205,204,198,200,200,200,200,199,199
129,ARIZONA DOT,DBE,Arizona DOT.csv,VALID,Ā,1298,1257,1261,1266,1270,1276,1275,1274,1271,1262,1253
129,ARIZONA DOT,SMALL,Arizona DOT.csv,VALID,Ā,1915,1908,1922,1940,1969,1993,1994,1995,1990,1990,1979
133,BAY AREA RAPID TRANSIT DISTRICT (BART),DBE,BAY AREA RAPID TRANSIT DISTRICT (BART).csv,VALID,Ā,212,212,209,207,205,207,207,206,205,204,204
133,BAY AREA RAPID TRANSIT DISTRICT (BART),LOCAL,BAY AREA RAPID TRANSIT DISTRICT (BART).csv,VALID,Ā,90,91,91,91,77,77,77,78,79,79,79
133,BAY AREA RAPID TRANSIT DISTRICT (BART),MBE,BAY AREA RAPID TRANSIT DISTRICT (BART).csv,VALID,Ā,483,484,0,0,0,0,0,0,0,0,
133,BAY AREA RAPID TRANSIT DISTRICT (BART),SMALL,BAY AREA RAPID TRANSIT DISTRICT (BART).csv,VALID,Ā,700,703,703,704,691,688,673,677,678,674,671
133,BAY AREA RAPID TRANSIT DISTRICT (BART),WBE,BAY AREA RAPID TRANSIT DISTRICT (BART).csv,VALID,Ā,291,292,0,0,0,0,0,0,0,0,
134,LOS ANGELES COUNTY METRO TRANSPORTATION AUTHORITY (MTA),DBE,LOS ANGELES COUNTY METRO TRANSPORTATION AUTHORITY (MTA).csv,VALID,Ā,1660,1700,1706,1721,1740,1752,1732,1717,1703,1732,1729
134,LOS ANGELES COUNTY METRO TRANSPORTATION AUTHORITY (MTA),SMALL,LOS ANGELES COUNTY METRO TRANSPORTATION AUTHORITY (MTA).csv,VALID,Ā,2324,2362,2374,2386,2404,2407,2416,2415,2422,2392,2371
135,CALIFORNIA DOT,ACDBE,California DOT.csv,VALID,Ā,245,246,248,249,255,257,257,257,257,256,255
135,CALIFORNIA DOT,DBE,California DOT.csv,VALID,Ā,3126,3141,3170,3182,3218,3237,3274,3274,3271,3227,3216
136,SANTA CLARA VALLEY TRANSPORTATION AUTHORITY (VTA),DBE,SANTA CLARA VALLEY TRANSPORTATION AUTHORITY (VTA).csv,VALID,Ā,156,156,156,157,158,159,159,159,159,159,159
136,SANTA CLARA VALLEY TRANSPORTATION AUTHORITY (VTA),SMALL,SANTA CLARA VALLEY TRANSPORTATION AUTHORITY (VTA).csv,VALID,Ā,164,165,165,166,166,165,164,164,166,166,166
137,SAN DIEGO COUNTY REGIONAL AIRPORT AUTHORITY,DBE,SAN DIEGO COUNTY REGIONAL AIRPORT AUTHORITY.csv,VALID,Ā,40,38,38,38,34,32,32,32,32,32,32
138,SAN MATEO COUNTY TRANSIT DISTRICT (SAMTRANS)JPB,DBE,SAN MATEO COUNTY TRANSIT DISTRICT (SAMTRANS)JPB.CSV,VALID,,,,,,,,,,,37,37
139,CITY OF FRESNO,DBE,CITY OF FRESNO.csv,VALID,Ā,60,52,49,46,45,42,42,0,0,0,
141,SAN FRANCISCO MUNICIPAL TRANSPORTATION AGENCY,DBE,SAN FRANCISCO MUNICIPAL TRANSPORTATION AGENCY.csv,VALID,Ā,147,147,146,153,151,152,152,152,152,152,152
144,SAN FRANCISCO INTERNATIONAL AIRPORT,ACDBE,SAN FRANCISCO INTERNATIONAL AIRPORT.csv,VALID,Ā,43,45,45,45,46,47,48,48,47,47,47
144,SAN FRANCISCO INTERNATIONAL AIRPORT,DBE,SAN FRANCISCO INTERNATIONAL AIRPORT.csv,VALID,Ā,21,22,22,22,23,24,25,25,25,25,25
146,CORPUS CHRISTI REGIONAL TRANSPORTATION AUTHORITY (CCRTA),DBE,Corpus Christi Regional Transportation Authority (CCRTA).csv,VALID,Ā,5575,5594,5616,5640,5683,5753,5693,5700,5699,5274,5295
146,CORPUS CHRISTI REGIONAL TRANSPORTATION AUTHORITY (CCRTA),SMALL,Corpus Christi Regional Transportation Authority (CCRTA).csv,VALID,Ā,821,820,822,826,818,816,814,821,827,838,909
147,TEXAS DOT,ACDBE,Texas DOT.csv,VALID,Ā,970,969,978,982,988,1004,1001,1004,1005,951,959
147,TEXAS DOT,DBE,Texas DOT.csv,VALID,Ā,5575,5594,5616,5640,5683,5715,5693,5700,5699,5274,5295
147,TEXAS DOT,SMALL,Texas DOT.csv,VALID,Ā,821,820,822,826,818,810,814,821,827,838,909
153,"CITY OF MADISON, WI",DBE,"City of Madison, WI_DBE.csv",VALID,YES,1218,1218,1259,1275,1293,1296,0,0,0,0,
153,"CITY OF MADISON, WI",MBE,"City of Madison, WI_MBE.csv",VALID,YES,93,168,98,98,98,98,99,96,96,96,96
153,"CITY OF MADISON, WI",SMALL,"City of Madison, WI_SBE.csv",VALID,YES,165,168,170,171,172,172,172,171,171,171,171
153,"CITY OF MADISON, WI",WBE,"City of Madison, WI_WBE.csv",VALID,YES,87,87,90,89,90,90,91,96,96,96,96
154,"DANE COUNTY, WI",MBE,"Dane County, WI.csv",VALID,Ā,33,33,33,33,33,33,33,33,34,34,34
154,"DANE COUNTY, WI",SMALL,"Dane County, WI.csv",VALID,Ā,28,28,28,27,27,28,28,28,28,28,28
154,"DANE COUNTY, WI",WBE,"Dane County, WI.csv",VALID,Ā,26,27,27,27,27,27,27,27,28,28,28
155,"MILWAUKEE COUNTY, WI",ACDBE,"Milwaukee County, WI.csv",VALID,Ā,268,269,269,269,271,272,277,277,277,277,277
155,"MILWAUKEE COUNTY, WI",DBE,"Milwaukee County, WI.csv",VALID,Ā,1703,1705,1721,1723,1726,1726,1792,1792,1792,1792,1792
155,"MILWAUKEE COUNTY, WI",SMALL,"Milwaukee County, WI.csv",VALID,Ā,154,154,154,155,155,155,154,160,166,177,179
156,WISCONSIN DEPARTMENT OF TRANSPORTATION,DBE,Wisconsin DOT.csv,VALID,Ā,1218,1218,1257,1275,1279,1293,1293,0,0,0,
157,CITY OF INDIANAPOLIS,DISABLED,City of Indianapolis.csv,VALID,Ā,21,21,21,22,23,22,22,20,25,25,59
157,CITY OF INDIANAPOLIS,MBE,City of Indianapolis.csv,VALID,Ā,627,627,627,621,622,625,623,618,765,763,1130
157,CITY OF INDIANAPOLIS,VBE,City of Indianapolis.csv,VALID,Ā,101,101,101,99,100,100,97,92,130,130,216
157,CITY OF INDIANAPOLIS,WBE,City of Indianapolis.csv,VALID,Ā,544,544,544,546,546,546,547,541,644,643,956
160,STATE OF KENTUCKY,MBE,CommonwealthOfKentucky-Default.csv,VALID,Ā,544,564,564,552,552,276,276,285,287,287,259
160,STATE OF KENTUCKY,WBE,CommonwealthOfKentucky-Default.csv,VALID,Ā,674,702,702,708,708,354,354,360,362,362,347
199,CITY OF COLUMBUS,MBE,City of Columbus.csv,VALID,Ā,382,386,386,387,388,389,389,386,408,404,395
199,CITY OF COLUMBUS,SMALL,City of Columbus.csv,VALID,,,,,,,,,,1067,1564,457
199,CITY OF COLUMBUS,WBE,City of Columbus.csv,VALID,Ā,303,306,306,302,303,301,300,302,332,329,325
199,CITY OF COLUMBUS,LOCAL,City of Columbus.csv,VALID,,,,,,,,,,,474,457
202,STATE OF VERMONT,WBE,State of Vermont.csv,VALID,Ā,626,639,639,632,650,661,665,666,666,660,673
204,NEW MEXICO DEPARTMENT OF TRANSPORTATION,ACDBE,New Mexico DOT.csv,VALID,Ā,62,63,63,62,64,65,64,0,0,0,
204,NEW MEXICO DEPARTMENT OF TRANSPORTATION,DBE,New Mexico DOT.csv,VALID,Ā,412,414,414,419,425,427,427,0,0,0,
208,ALASKA DEPARTMENT OF TRANSPORTATION,ACDBE,Alaska DOT.csv,VALID,,,,,,,,,,,,
208,ALASKA DEPARTMENT OF TRANSPORTATION,DBE,Alaska DOT.csv,VALID,YES,562,566,570,582,584,580,578,190,190,372,376
210,ARKANSAS DOT,ACDBE,Arkansas DOT.csv,VALID,Ā,31,31,31,34,37,37,37,0,0,0,
210,ARKANSAS DOT,DBE,Arkansas DOT.csv,VALID,Ā,343,333,333,347,348,348,348,0,0,0,
210,ARKANSAS DOT,MBE,Arkansas DOT.csv,VALID,Ā,108,104,104,106,104,104,104,0,0,0,
210,ARKANSAS DOT,SMALL,Arkansas DOT.csv,VALID,Ā,71,69,69,69,69,69,69,0,0,0,
213,CHICAGO TRANSIT AUTHORITY,DBE,CHICAGO TRANSIT AUTHORITY.csv,VALID,Ā,386,400,403,408,394,418,421,420,420,303,380
223,COLORADO DEPARTMENT OF TRANSPORTATION,DBE,Colorado Department of Transportation.csv,VALID,Ā,1817,1820,1835,1856,1865,1886,1886,1875,1674,1642,1109
230,GEORGIA DEPARTMENT OF TRANSPORTATION,ACDBE,Georgia Department of Transportation.csv,VALID,Ā,554,563,578,564,564,571,571,570,570,570,570
230,GEORGIA DEPARTMENT OF TRANSPORTATION,DBE,Georgia Department of Transportation.csv,VALID,Ā,4567,4597,4652,4440,4436,4466,4466,4423,4422,4421,4420
232,GREATER ORLANDO AVIATION AUTHORITY,ACDBE,Greater Orlando Aviation Authority.csv,VALID,Ā,183,183,183,183,183,184,0,0,0,0,
232,GREATER ORLANDO AVIATION AUTHORITY,DBE,Greater Orlando Aviation Authority.csv,VALID,Ā,270,269,272,272,275,276,0,0,0,0,
232,GREATER ORLANDO AVIATION AUTHORITY,LOCAL,Greater Orlando Aviation Authority.csv,VALID,Ā,175,173,162,157,155,152,151,148,155,149,146
232,GREATER ORLANDO AVIATION AUTHORITY,SMALL,Greater Orlando Aviation Authority.csv,VALID,Ā,312,308,302,301,309,319,317,309,330,322,317
232,GREATER ORLANDO AVIATION AUTHORITY,VBE,Greater Orlando Aviation Authority.csv,VALID,Ā,24,26,27,29,28,28,27,26,28,28,27
233,HAWAII DEPARTMENT OF TRANSPORTATION,ACDBE,HAWAII DEPARTMENT OF TRANSPORTATION.csv,VALID,Ā,66,132,65,66,69,69,69,69,69,69,18
233,HAWAII DEPARTMENT OF TRANSPORTATION,DBE,HAWAII DEPARTMENT OF TRANSPORTATION.csv,VALID,Ā,578,1104,590,598,610,615,615,615,615,615,246
233,HAWAII DEPARTMENT OF TRANSPORTATION,SMALL,HAWAII DEPARTMENT OF TRANSPORTATION.csv,VALID,Ā,477,960,480,482,486,486,486,486,486,486,229
234,IDAHO TRANSPORTATION DEPARTMENT,ACDBE,Idaho Transportation Department.csv,VALID,Ā,35,32,32,32,35,35,35,4,4,4,4
234,IDAHO TRANSPORTATION DEPARTMENT,DBE,Idaho Transportation Department.csv,VALID,Ā,323,320,323,327,343,349,349,109,109,109,105
235,IDAHO UNIFIED CERTIFICATION PROGRAM,DBE,Idaho Unified Certification Program.csv,VALID,Ā,323,320,323,327,343,349,349,109,109,109,105
237,INDIANA DEPARTMENT OF TRANSPORTATION,ACDBE,Indiana Department of Transportation.csv,VALID,Ā,415,416,423,423,425,420,420,0,0,0,
237,INDIANA DEPARTMENT OF TRANSPORTATION,DBE,Indiana Department of Transportation.csv,VALID,Ā,2073,2074,2071,2073,2077,2055,2055,0,0,0,
238,INDIANA UNIFIED CERTIFICATION PROGRAM,DBE,Indiana Unified Certification Program.csv,VALID,Ā,2073,2074,2071,2073,2077,2055,2055,0,0,0,
239,IOWA UNIFIED CERTIFICATION PROGRAM,WBE,IOWA UCP.csv,VALID,Ā,221,221,218,218,218,218,218,0,0,0,
240,JACKSON MUNICIPAL AIRPORT AUTHORITY,ACDBE,Jackson Municipal Airport Authority.csv,VALID,Ā,45,46,47,47,47,48,48,52,52,52,52
240,JACKSON MUNICIPAL AIRPORT AUTHORITY,DBE,Jackson Municipal Airport Authority.csv,VALID,Ā,278,277,276,276,276,278,275,276,276,276,276
241,JACKSONVILLE TRANSPORTATION AUTHORITY,ACDBE,Jacksonville Transportation Authority.csv,VALID,Ā,31,33,34,34,36,36,36,36,36,36,36
241,JACKSONVILLE TRANSPORTATION AUTHORITY,DBE,Jacksonville Transportation Authority.csv,VALID,Ā,3569,3574,3632,3634,3639,3638,3691,3691,3688,3688,3687
241,JACKSONVILLE TRANSPORTATION AUTHORITY,LOCAL,Jacksonville Transportation Authority.csv,VALID,Ā,626,648,667,675,678,681,689,689,691,697,702
241,JACKSONVILLE TRANSPORTATION AUTHORITY,SMALL,Jacksonville Transportation Authority.csv,VALID,Ā,626,648,667,675,678,682,1310,1312,1317,1331,1341
244,KANSAS UNIFIED CERTIFICATION PROGRAM,DBE,Kansas Unified Certification Program.csv,VALID,Ā,523,520,524,524,524,526,526,0,0,0,
246,LOUIS ARMSTRONG NEW ORLEANS INTERNATIONAL AIRPORT,DBE,Louis Armstrong New Orleans International Airport.csv,VALID,YES,2253,2277,2277,2277,2277,2330,2013,2013,2010,2001,2001
249,LOUISIANA UNIFIED CERTIFICATION PROGRAM,MBE,Louisiana Unified Certification Program.csv,VALID,Ā,7114,7155,7190,7218,7234,7281,7159,7151,7148,7139,7139
249,LOUISIANA UNIFIED CERTIFICATION PROGRAM,WBE,Louisiana Unified Certification Program.csv,VALID,Ā,45,45,45,45,45,45,45,45,45,45,45
251,MAINE UNIFIED CERTIFICATION PROGRAM,ACDBE,Maine Unified Certification Program.csv,VALID,Ā,26,27,28,28,32,32,32,0,0,0,
251,MAINE UNIFIED CERTIFICATION PROGRAM,DBE,Maine Unified Certification Program.csv,VALID,Ā,166,165,166,170,182,183,183,0,0,0,
252,MARYLAND UNIFIED CERTIFICATION PROGRAM,DBE,Maryland UCP.csv,VALID,Ā,9011,9011,9005,9004,9001,9014,8864,8587,8230,8412,8542
252,MARYLAND UNIFIED CERTIFICATION PROGRAM,SMALL,Maryland UCP.csv,VALID,Ā,9401,9401,9397,9398,9397,9404,9417,9415,9411,9408,9410
255,MASSACHUSETTS UNIFIED CERTIFICATION PROGRAM,ACDBE,Massachusetts Unified Certification Program.csv,VALID,Ā,96,96,92,94,96,96,94,94,94,94,94
255,MASSACHUSETTS UNIFIED CERTIFICATION PROGRAM,DBE,Massachusetts Unified Certification Program.csv,VALID,Ā,1115,1123,1132,1144,1153,1161,1161,1158,1156,1156,1150
256,MEMPHIS-SHELBY COUNTY AIRPORT AUTHORITY,ACDBE,Memphis-Shelby County Airport Authority.csv,VALID,Ā,35,37,37,38,38,38,38,38,36,36,37
256,MEMPHIS-SHELBY COUNTY AIRPORT AUTHORITY,DBE,Memphis-Shelby County Airport Authority.csv,VALID,Ā,280,284,286,288,292,292,289,288,286,285,282
256,MEMPHIS-SHELBY COUNTY AIRPORT AUTHORITY,SMALL,Memphis-Shelby County Airport Authority.csv,VALID,Ā,41,83,131,136,140,141,138,135,141,139,136
257,METRA,DBE,Metra.csv,VALID,YES,3323,3368,3389,3391,3424,3449,3449,0,0,3449,3456
259,METROPOLITAN ATLANTA RAPID TRANSIT AUTHORITY,ACDBE,METROPOLITAN ATLANTA RAPID TRANSIT AUTHORITY.csv,VALID,Ā,862,869,912,915,916,921,945,945,946,952,955
259,METROPOLITAN ATLANTA RAPID TRANSIT AUTHORITY,DBE,METROPOLITAN ATLANTA RAPID TRANSIT AUTHORITY.csv,VALID,Ā,5977,5986,6153,6161,6166,6171,6201,6206,6205,6227,6242
263,MICHIGAN UNIFIED CERTIFICATION PROGRAM,SMALL,Michigan Unified Certification Program.csv,VALID,,,,,,,,2,26,31,44,50
263,MICHIGAN UNIFIED CERTIFICATION PROGRAM,DBE,Michigan Unified Certification Program.csv,VALID,Ā,705,711,723,726,728,726,725,506,504,365,266
266,MISSISSIPPI UNIFIED CERTIFICATION PROGRAM,DBE,Mississippi Unified Certification Program.csv,VALID,YES,961,968,970,987,988,993,992,991,991,992,988
269,MONTANA DEPARTMENT OF TRANSPORTATION,DBE,Montana Department of Transportation.csv,VALID,Ā,241,242,246,253,253,256,254,71,51,40,42
269,MONTANA DEPARTMENT OF TRANSPORTATION,SMALL,Montana Department of Transportation.csv,VALID,Ā,252,252,254,262,261,264,263,94,90,84,84
271,NEBRASKA UNIFIED CERTIFICATION PROGRAM,ACDBE,Nebraska Unified Certification Program.csv,VALID,Ā,41,41,42,45,45,44,44,44,44,44,44
271,NEBRASKA UNIFIED CERTIFICATION PROGRAM,DBE,Nebraska Unified Certification Program.csv,VALID,Ā,191,195,194,204,204,199,199,199,199,199,199
272,NEVADA DEPARTMENT OF TRANSPORTATION,ACDBE,Nevada DOT.csv,VALID,Ā,151,153,150,131,152,152,151,151,151,147,107
272,NEVADA DEPARTMENT OF TRANSPORTATION,DBE,Nevada DOT.csv,VALID,Ā,728,730,717,688,715,724,250,249,248,242,194
272,NEVADA DEPARTMENT OF TRANSPORTATION,SMALL,Nevada DOT.csv,VALID,Ā,255,256,251,228,29,30,205,205,205,204,204
273,NEW HAMPSHIRE UNIFIED CERTIFICATION PROGRAM,DBE,New Hampshire Unified Certification Program.csv,VALID,YES,444,443,447,435,430,430,430,0,0,0,
275,NEW JERSEY UNIFIED CERTIFICATION PROGRAM,ACDBE,NEW JERSEY UNIFIED CERTIFICATION PROGRAM (NJ UCP).csv,VALID,Ā,556,570,585,591,601,607,607,607,607,607,607
275,NEW JERSEY UNIFIED CERTIFICATION PROGRAM,DBE,NEW JERSEY UNIFIED CERTIFICATION PROGRAM (NJ UCP).csv,VALID,Ā,2818,2853,2889,2928,2959,2975,2976,2599,2388,2351,2350
277,NEW ORLEANS REGIONAL TRANSIT AUTHORITY,DBE,New Orleans Regional Transit Authority.csv,VALID,YES,1126,1144,1154,1158,1177,1203,1203,1203,1203,1203,1203
280,NEW YORK UNIFIED CERTIFICATION PROGRAM,ACDBE,New York Unified Certification Program.csv,VALID,Ā,581,595,610,616,626,632,632,632,632,632,632
280,NEW YORK UNIFIED CERTIFICATION PROGRAM,DBE,New York Unified Certification Program.csv,VALID,Ā,3745,3793,3826,3865,3904,3917,3915,3908,3908,3905,3897
281,NIAGARA FRONTIER TRANSPORTATION AUTHORITY,ACDBE,Niagara Frontier Transportation Authority.csv,VALID,Ā,581,595,610,616,626,632,632,632,632,632,632
281,NIAGARA FRONTIER TRANSPORTATION AUTHORITY,DBE,Niagara Frontier Transportation Authority.csv,VALID,Ā,3745,3793,3826,3865,3904,3917,3915,3908,3908,3905,3897
285,NORTH DAKOTA DEPARTMENT OF TRANSPORTATION,ACDBE,NORTH DAKOTA DOT(NDDOT).csv,VALID,Ā,34,35,35,35,35,34,34,0,0,4,4
285,NORTH DAKOTA DEPARTMENT OF TRANSPORTATION,DBE,NORTH DAKOTA DOT(NDDOT).csv,VALID,Ā,187,187,190,191,193,193,192,0,0,37,37
286,NORTH DAKOTA UNIFIED CERTIFICATION PROGRAM,ACDBE,North Dakota UCP.csv,VALID,Ā,34,35,35,35,35,34,34,0,0,4,4
286,NORTH DAKOTA UNIFIED CERTIFICATION PROGRAM,DBE,North Dakota UCP.csv,VALID,Ā,187,187,190,191,193,193,192,0,0,37,37
289,OKLAHOMA UNIFIED CERTIFICATION PROGRAM,ACDBE,Oklahoma Unified Certification Program.csv,VALID,Ā,237,235,231,232,231,231,226,226,226,226,226
289,OKLAHOMA UNIFIED CERTIFICATION PROGRAM,DBE,Oklahoma Unified Certification Program.csv,VALID,Ā,594,600,600,605,610,618,611,611,610,610,609
290,PACE,DBE,Pace.csv,VALID,YES,3323,3368,3389,3391,3424,3449,3449,0,0,3449,3456
291,PENNSYLVANIA DEPARTMENT OF TRANSPORTATION,ACDBE,Pennsylvania DOT.csv,VALID,Ā,217,216,215,216,220,222,220,220,220,220,220
291,PENNSYLVANIA DEPARTMENT OF TRANSPORTATION,DBE,Pennsylvania DOT.csv,VALID,Ā,2633,2650,2656,2644,2649,2659,2633,2633,2633,2633,2633
291,PENNSYLVANIA DEPARTMENT OF TRANSPORTATION,SMALL,Pennsylvania DOT.csv,VALID,Ā,16,16,17,17,17,17,17,17,16,16,16
293,PUERTO RICO UNIFIED CERTIFICATION PROGRAM,ACDBE,Puerto Rico Unified Certification Program.csv,VALID,Ā,45,45,45,47,79,79,79,79,79,79,
293,PUERTO RICO UNIFIED CERTIFICATION PROGRAM,DBE,Puerto Rico Unified Certification Program.csv,VALID,Ā,239,239,239,243,226,227,227,227,227,227,
294,RHODE ISLAND UNIFIED CERTIFICATION PROGRAM,ACDBE,Rhode Island Unified Certification Program.csv,VALID,Ā,108,108,110,110,112,112,0,0,0,0,
294,RHODE ISLAND UNIFIED CERTIFICATION PROGRAM,DBE,Rhode Island Unified Certification Program.csv,VALID,Ā,675,675,682,687,699,704,960,704,697,688,686
294,RHODE ISLAND UNIFIED CERTIFICATION PROGRAM,VBE,RHODE ISLAND UNIFIED CERTIFICATION PROGRAM_VBE.CSV,VALID,,,,,,,,,,,35,35
297,SOUTH DAKOTA DEPARTMENT OF TRANSPORTATION,ACDBE,SOUTH DAKOTA DOT.csv,VALID,Ā,25,25,26,26,33,33,33,0,0,0,
297,SOUTH DAKOTA DEPARTMENT OF TRANSPORTATION,DBE,SOUTH DAKOTA DOT.csv,VALID,Ā,156,156,156,151,150,150,150,0,0,0,
298,SOUTH DAKOTA UNIFIED CERTIFICATION PROGRAM,ACDBE,SOUTH DAKOTA UCP.csv,VALID,Ā,25,25,26,26,33,33,33,0,0,0,
298,SOUTH DAKOTA UNIFIED CERTIFICATION PROGRAM,DBE,SOUTH DAKOTA UCP.csv,VALID,Ā,156,156,156,151,150,150,150,0,0,0,
300,STATE OF CONNECTICUT,MBE,StateOfConnecticut-Default.csv,VALID,Ā,1217,1217,1229,1197,1229,1226,1216,1214,1213,1213,1220
300,STATE OF CONNECTICUT,SMALL,StateOfConnecticut-Default.csv,VALID,Ā,939,939,925,890,921,919,928,919,914,912,913
308,TENNESSEE UNIFIED CERTIFICATION PROGRAM,ACDBE,Tennessee Unified Certification Program.csv,VALID,Ā,163,164,166,168,168,262,258,261,261,168,262
308,TENNESSEE UNIFIED CERTIFICATION PROGRAM,DBE,Tennessee Unified Certification Program.csv,VALID,Ā,1760,1746,1756,1771,1771,1828,1822,1873,1875,1781,1875
313,UTAH UNIFIED CERTIFICATION PROGRAM,DBE,Utah Unified Certification Program.csv,VALID,YES,407,407,408,408,410,419,419,416,415,416,268
314,VERMONT AGENCY OF TRANSPORTATION,DBE,Vermont Agency of Transportation.csv,VALID,YES,237,223,223,228,231,226,226,226,226,223,223
316,VIRGINIA DEPARTMENT OF SMALL BUSINESS AND SUPPLIER DIVERSITY,ACDBE,Virginia Department of Small Business and Supplier Diversity.csv,VALID,Ā,465,470,482,485,495,146,145,493,0,0,
316,VIRGINIA DEPARTMENT OF SMALL BUSINESS AND SUPPLIER DIVERSITY,DBE,Virginia Department of Small Business and Supplier Diversity.csv,VALID,Ā,3587,3595,3627,3644,3681,2792,2785,3703,0,2,2
316,VIRGINIA DEPARTMENT OF SMALL BUSINESS AND SUPPLIER DIVERSITY,MBE,Virginia Department of Small Business and Supplier Diversity.csv,VALID,Ā,6798,6804,6824,6880,6917,6939,6941,6971,7021,7108,7188
316,VIRGINIA DEPARTMENT OF SMALL BUSINESS AND SUPPLIER DIVERSITY,SDV,Virginia Department of Small Business and Supplier Diversity.csv,VALID,Ā,937,943,953,969,1000,1018,1675,1685,1770,1088,1859
316,VIRGINIA DEPARTMENT OF SMALL BUSINESS AND SUPPLIER DIVERSITY,SMALL,Virginia Department of Small Business and Supplier Diversity.csv,VALID,Ā,13723,13619,13624,13749,13839,13879,13892,13925,14095,14137,14437
316,VIRGINIA DEPARTMENT OF SMALL BUSINESS AND SUPPLIER DIVERSITY,VBE,Virginia Department of Small Business and Supplier Diversity.csv,VALID,Ā,937,561,559,567,587,598,601,614,634,664,683
316,VIRGINIA DEPARTMENT OF SMALL BUSINESS AND SUPPLIER DIVERSITY,WBE,Virginia Department of Small Business and Supplier Diversity.csv,VALID,Ā,5930,5895,5889,5937,5977,5997,6004,6023,6066,6144,6208
319,WEST VIRGINIA UNIFIED CERTIFICATION PROGRAM,DBE,West Virginia Unified Certification Program.csv,VALID,YES,298,298,299,299,305,307,305,306,306,0,
328,KENTUCKY TRANSPORTATION CABINET,ACDBE,KentuckyTransportationCabinet-NEW-Default.csv,VALID,Ā,74,74,75,76,76,72,72,72,72,0,
328,KENTUCKY TRANSPORTATION CABINET,SMALL,KentuckyTransportationCabinet-NEW-Default.csv,VALID,,,,,,,,137,0,139,498,499
328,KENTUCKY TRANSPORTATION CABINET,DBE,KentuckyTransportationCabinet-NEW-Default.csv,VALID,Ā,507,514,515,528,528,488,488,488,487,0,
329,Louisville Jefferson County Metropolitan Sewer District,MBE,Louisville Jefferson County Metropolitan Sewer District.csv,VALID,Ā,118,118,115,122,109,126,125,126,124,125,123
329,Louisville Jefferson County Metropolitan Sewer District,WBE,Louisville Jefferson County Metropolitan Sewer District.csv,VALID,Ā,106,108,105,113,99,107,108,104,102,102,103
330,CENTRAL CERTIFICATION (CERT) PROGRAM,ESBE,Central Certification (CERT) Program.csv,VALID,Ā,806,809,814,820,808,801,820,825,823,831,880
330,CENTRAL CERTIFICATION (CERT) PROGRAM,MBE,Central Certification (CERT) Program.csv,VALID,Ā,665,665,663,672,661,654,661,660,647,644,666
330,CENTRAL CERTIFICATION (CERT) PROGRAM,SMALL,Central Certification (CERT) Program.csv,VALID,Ā,1552,1547,1540,1551,1513,1505,1522,1516,1494,1492,1545
330,CENTRAL CERTIFICATION (CERT) PROGRAM,WBE,Central Certification (CERT) Program.csv,VALID,Ā,851,847,838,846,826,823,836,830,820,814,851
331,DISTRICT DEPARTMENT OF TRANSPORTATION (DDOT),DBE,District Department of Transportation (DDOT).csv,VALID,Ā,987,994,994,1001,1001,1018,1800,1805,1812,1812,1774
331,DISTRICT DEPARTMENT OF TRANSPORTATION (DDOT),SMALL,District Department of Transportation (DDOT).csv,VALID,Ā,986,993,993,1000,1000,1017,1803,1808,1815,1815,1778
332,METROPOLITAN WASHINGTON AIRPORTS AUTHORITY (MWAA),LOCAL,Metropolitan Washington Airports Authority (MWAA).csv,VALID,Ā,1095,1086,1084,1075,1073,1077,1074,1076,1070,1056,1053
332,METROPOLITAN WASHINGTON AIRPORTS AUTHORITY (MWAA),SLBE,Metropolitan Washington Airports Authority (MWAA).csv,VALID,Ā,1095,1086,1084,1075,1073,1077,1074,1076,1070,1056,1053
332,METROPOLITAN WASHINGTON AIRPORTS AUTHORITY (MWAA),SMALL,Metropolitan Washington Airports Authority (MWAA).csv,VALID,Ā,1101,1093,1091,1082,2153,2161,2155,2159,2147,1063,2113
333,DEPARTMENT OF SMALL AND LOCAL BUSINESS DEVELOPMENT (DSLBD),DBE,DistrictOfColumbiaSmallAndLocalBus.csv,VALID,Ā,1034,1029,1025,1033,1019,1016,1005,1004,998,1010,1008
333,DEPARTMENT OF SMALL AND LOCAL BUSINESS DEVELOPMENT (DSLBD),LOCAL,DistrictOfColumbiaSmallAndLocalBus.csv,VALID,Ā,2012,2007,2003,2008,1979,1974,1945,1961,1940,1949,1947
333,DEPARTMENT OF SMALL AND LOCAL BUSINESS DEVELOPMENT (DSLBD),SMALL,DistrictOfColumbiaSmallAndLocalBus.csv,VALID,Ā,2012,2007,2003,2008,1979,1974,1945,1961,1940,1949,1948
333,DEPARTMENT OF SMALL AND LOCAL BUSINESS DEVELOPMENT (DSLBD),VBE,DistrictOfColumbiaSmallAndLocalBus.csv,VALID,Ā,109,109,109,111,108,110,107,108,106,105,105
334,LOUISIANA ECONOMIC DEVELOPMENT,SDV,Louisana Economic Development.csv,VALID,Ā,307,307,298,305,308,314,312,316,321,320,324
334,LOUISIANA ECONOMIC DEVELOPMENT,SMALL,Louisana Economic Development.csv,VALID,Ā,2471,2471,2406,2413,2407,2420,2422,2406,2396,2373,2358
334,LOUISIANA ECONOMIC DEVELOPMENT,VBE,Louisana Economic Development.csv,VALID,Ā,447,447,435,445,446,448,447,450,450,443,446
337,CITY OF DETROIT,MBE,City of Detroit.csv,valid,Ā,157,146,149,128,125,125,122,125,133,138,144
337,CITY OF DETROIT,WBE,City of Detroit.csv,Valid,Ā,96,88,91,75,73,76,71,74,75,77,78
337,CITY OF DETROIT,SMALL,City of Detroit.csv,VALID,,,,,,,,,,,3,
343,OKLAHOMA DEPARTMENT OF COMMERCE,WBE,Oklahoma Department of Commerce.csv,VALID,YES,216,219,218,220,219,225,226,223,220,221,222
344,CITY OF PHILADELPHIA,DISABLED,City of Philadelphia.csv,VALID,,,,,,,,,,,,17
344,CITY OF PHILADELPHIA,MBE,City of Philadelphia.csv,VALID,,,,,,,,,,,,874
344,CITY OF PHILADELPHIA,WBE,City of Philadelphia.csv,VALID,,,,,,,,,,,,869
344,CITY OF PHILADELPHIA,LOCAL,City of Philadelphia.csv,VALID,YES,1548,1547,1542,1520,1536,1546,1516,1514,1522,1485,1459
347,ALABAMA STATE PORT AUTHORITY,DBE,Alabama State Port Authority.csv,VALID,YES,96,96,96,96,97,97,97,96,96,96,96
348,ALACHUA COUNTY,SMALL,AlachuaCounty-Default.csv,VALID,Ā,75,78,75,75,76,76,76,65,65,66,68
349,ARKANSAS DEPARTMENT OF ECONOMIC DEVELOPMENT,MBE,Arkansas Department of Economic Development.csv,VALID,Ā,262,261,260,260,228,228,228,228,228,228,228
349,ARKANSAS DEPARTMENT OF ECONOMIC DEVELOPMENT,WBE,Arkansas Department of Economic Development.csv,VALID,Ā,107,106,106,105,85,85,85,85,85,85,85
351,BIRMINGHAM AIRPORT AUTHORITY,DBE,BIRMINGHAM AIRPORT AUTHORITY.csv,VALID,YES,192,195,197,198,200,199,202,202,202,189,189
352,BROWARD COUNTY,SMALL,Broward County.csv,VALID,Ā,0,981,984,989,1820,1855,1869,1793,1708,1708,867
354,CITY OF BOSTON,MBE,City of Boston.csv,VALID,Ā,672,611,619,626,629,627,629,632,629,634,635
354,CITY OF BOSTON,SDV,City of Boston.csv,VALID,Ā,11,8,9,8,8,8,8,8,8,8,8
354,CITY OF BOSTON,SMALL,City of Boston.csv,VALID,Ā,509,472,475,476,480,480,479,478,473,474,473
354,CITY OF BOSTON,VBE,City of Boston.csv,VALID,Ā,19,16,17,16,16,16,16,16,16,16,16
354,CITY OF BOSTON,WBE,City of Boston.csv,VALID,Ā,545,496,505,515,516,518,520,526,524,524,533
355,CITY OF BUFFALO,MBE,"CITY OF BUFFALO, NY.csv",VALID,Ā,161,158,155,160,160,164,165,165,159,158,155
355,CITY OF BUFFALO,WBE,"CITY OF BUFFALO, NY.csv",VALID,Ā,194,192,187,189,189,191,191,191,190,191,189
357,CITY OF CHARLOTTE,MBE,"CITY OF CHARLOTTE, NC.csv",VALID,Ā,539,540,542,537,541,533,539,531,530,880,882
357,CITY OF CHARLOTTE,SMALL,"CITY OF CHARLOTTE, NC.csv",VALID,Ā,450,454,455,452,446,448,463,458,466,825,820
357,CITY OF CHARLOTTE,WBE,"CITY OF CHARLOTTE, NC.csv",VALID,Ā,156,156,155,154,154,156,161,163,165,256,255
359,CITY OF KALAMAZOO,MBE,CityOfKalamazoo-Default.csv,VALID,Ā,124,124,124,124,124,124,124,124,124,124,124
359,CITY OF KALAMAZOO,WBE,CityOfKalamazoo-Default.csv,VALID,Ā,160,160,160,160,160,160,160,160,160,160,160
360,CITY OF LOUISVILLE & ĀJEFFERSON COUNTY,DISABLED,"CITY OF LOUISVILLE & JEFFERSON COUNTY, KY.csv",VALID,Ā,1,1,2,3,3,3,3,3,3,3,3
360,CITY OF LOUISVILLE & ĀJEFFERSON COUNTY,LGBT,"CITY OF LOUISVILLE & JEFFERSON COUNTY, KY.csv",VALID,Ā,3,3,3,3,3,3,3,3,3,2,2
360,CITY OF LOUISVILLE & ĀJEFFERSON COUNTY,MBE,"CITY OF LOUISVILLE & JEFFERSON COUNTY, KY.csv",VALID,Ā,128,128,131,132,130,134,126,123,123,126,125
360,CITY OF LOUISVILLE & ĀJEFFERSON COUNTY,SDV,"CITY OF LOUISVILLE & JEFFERSON COUNTY, KY.csv",VALID,Ā,1,1,2,2,2,2,2,2,2,2,2
360,CITY OF LOUISVILLE & ĀJEFFERSON COUNTY,VBE,"CITY OF LOUISVILLE & JEFFERSON COUNTY, KY.csv",VALID,Ā,2,2,3,3,3,3,3,3,3,3,2
360,CITY OF LOUISVILLE & ĀJEFFERSON COUNTY,WBE,"CITY OF LOUISVILLE & JEFFERSON COUNTY, KY.csv",VALID,Ā,125,125,124,123,119,122,121,120,119,119,122
361,CITY OF OMAHA,SMALL,CITY OF OMAHA.csv,VALID,Ā,173,177,184,182,185,184,183,187,187,187,173
362,CITY OF PENSACOLA,MBE,City of Pensacola.csv,VALID,Ā,52,56,56,55,55,55,55,56,56,56,57
362,CITY OF PENSACOLA,WBE,City of Pensacola.csv,VALID,Ā,84,90,90,86,86,86,87,96,96,97,97
364,"CITY OF ST. PETERSBURG, FL",SMALL,City of St Petersburg.csv,VALID,Ā,359,364,367,364,365,373,386,388,391,398,401
365,CITY OF TALLAHASSEE,DBE,"CITY OF TALLAHASSEE, FL.csv",VALID,Ā,3,3,3,3,3,3,3,3,3,3,3
365,CITY OF TALLAHASSEE,MBE,"CITY OF TALLAHASSEE, FL.csv",VALID,Ā,101,105,98,99,97,96,95,93,98,98,97
365,CITY OF TALLAHASSEE,SMALL,"CITY OF TALLAHASSEE, FL.csv",VALID,Ā,159,165,156,159,154,150,151,148,154,153,152
365,CITY OF TALLAHASSEE,WBE,"CITY OF TALLAHASSEE, FL.csv",VALID,Ā,49,51,49,50,48,45,46,45,47,46,47
366,CITY OF TOLEDO,MBE,City of Toledo_MBE.csv,VALID,YES,87,87,87,87,87,87,87,87,87,87,87
366,CITY OF TOLEDO,WBE,City of Toledo_WBE.csv,VALID,YES,36,36,36,36,36,36,36,36,36,36,36
367,CITY OF TUCSON,SMALL,CITY OF TUCSON.csv,VALID,YES,141,141,140,139,141,144,143,142,141,139,138
368,CITY OF TULSA,SMALL,"CITY OF TULSA, OK.csv",VALID,YES,223,242,242,242,251,251,250,250,250,250,250
369,CITY OF WILMINGTON,DBE,City of Wilmington_(DBE).csv,VALID,YES,94,93,89,90,94,93,95,93,88,84,84
371,COUNTY OF ALAMEDA,SMALL,"COUNTY OF ALAMEDA, CA.csv",VALID,Ā,928,934,923,928,929,937,951,960,977,970,980
373,COUNTY OF KALAMAZOO,MBE,County of Kalamazoo.csv,VALID,Ā,123,123,123,123,123,124,124,124,123,123,123
373,COUNTY OF KALAMAZOO,WBE,County of Kalamazoo.csv,VALID,Ā,159,159,159,159,159,160,160,160,159,159,159
374,COUNTY OF LOS ANGELES,DBE,County of Los Angeles.csv,VALID,Ā,417,418,407,406,406,406,406,406,406,406,406
374,COUNTY OF LOS ANGELES,MBE,County of Los Angeles.csv,VALID,Ā,1183,1181,1181,1185,1186,1186,1186,1190,1190,1192,1193
374,COUNTY OF LOS ANGELES,WBE,County of Los Angeles.csv,VALID,Ā,876,879,877,878,878,878,878,881,885,885,887
375,CUYAHOGA COUNTY,MBE,Cuyahoga County.csv,VALID,Ā,192,205,196,198,202,204,202,215,208,199,200
375,CUYAHOGA COUNTY,SMALL,Cuyahoga County.csv,VALID,Ā,378,403,383,386,388,391,391,408,408,392,389
375,CUYAHOGA COUNTY,WBE,Cuyahoga County.csv,VALID,Ā,167,179,173,174,174,174,172,206,177,173,173
376,DEKALB COUNTY,SMALL,DekalbCounty.csv,VALID,YES,275,275,275,275,276,276,297,297,271,275,283
377,DUVAL COUNTY PUBLIC SCHOOLS,MBE,Duval County Public Schools.csv,VALID,Ā,250,229,222,222,211,205,201,200,185,176,177
377,DUVAL COUNTY PUBLIC SCHOOLS,SMALL,Duval County Public Schools.csv,VALID,Ā,149,141,137,135,139,134,134,134,127,123,123
378,FORT WAYNE & ALLEN COUNTY,MBE,Fort Wayne & Allen County.csv,VALID,Ā,13,15,15,14,14,15,8,14,14,14,14
378,FORT WAYNE & ALLEN COUNTY,WBE,Fort Wayne & Allen County.csv,VALID,Ā,23,24,24,24,24,23,17,23,23,23,23
379,GENESEE COUNTY,DBE,Genesee County.csv,VALID,Ā,28,28,28,28,28,28,28,28,28,28,28
379,GENESEE COUNTY,MBE,Genesee County.csv,VALID,Ā,70,70,70,69,70,70,70,70,70,70,70
379,GENESEE COUNTY,WBE,Genesee County.csv,VALID,Ā,46,46,46,45,46,46,46,46,46,46,46
381,HISTORICALLY BLACK COLLEGES AND UNIVERSITIES (HBCU),HBCU,HBCU.csv,VALID,YES,102,103,103,103,103,103,103,103,103,103,103
382,HUNTSVILLE INTERNATIONAL AIRPORT,DBE,Huntsville International Airport.csv,VALID,YES,96,95,95,92,91,90,90,90,89,89,89
383,METRO ST LOUIS,DBE,"METRO ST LOUIS, MO.csv",VALID,Ā,744,741,722,718,710,703,704,690,686,668,635
384,MIAMI-DADE COUNTY,ACDBE,"MIAMI-DADE COUNTY, FL.csv",VALID,Ā,175,175,174,176,179,181,181,181,181,181,181
384,MIAMI-DADE COUNTY,DBE,"MIAMI-DADE COUNTY, FL.csv",VALID,Ā,483,486,483,484,486,492,494,493,492,491,492
384,MIAMI-DADE COUNTY,LOCAL,"MIAMI-DADE COUNTY, FL.csv",VALID,Ā,376,375,378,382,380,378,369,371,370,368,375
384,MIAMI-DADE COUNTY,SMALL,"MIAMI-DADE COUNTY, FL.csv",VALID,Ā,2693,2707,2696,2722,2739,2742,2749,2784,2793,2803,2839
387,OSCEOLA COUNTY,LOCAL,Osceola County.csv,VALID,Ā,155,155,155,164,169,169,169,169,169,169,541
387,OSCEOLA COUNTY,MBE,Osceola County.csv,VALID,Ā,556,556,556,595,601,601,601,601,602,597,625
387,OSCEOLA COUNTY,SMALL,Osceola County.csv,VALID,Ā,155,155,155,172,172,172,173,173,172,173,542
387,OSCEOLA COUNTY,WBE,Osceola County.csv,VALID,Ā,440,440,440,469,470,472,484,484,500,464,493
388,PALM BEACH COUNTY,MBE,Palm Beach County.csv,VALID ,Ā,386,386,366,0,0,0,0,0,0,0,
388,PALM BEACH COUNTY,SMALL,Palm Beach County.csv,VALID ,Ā,740,740,731,725,727,729,731,738,735,733,747
388,PALM BEACH COUNTY,WBE,Palm Beach County.csv,VALID ,Ā,230,230,217,0,0,0,0,0,0,0,
389,PHILADELPHIA INTERNATIONAL AIRPORT,ACDBE,Philadelphia International Airport.csv,VALID,Ā,217,216,215,216,220,222,220,220,220,220,220
389,PHILADELPHIA INTERNATIONAL AIRPORT,DBE,Philadelphia International Airport.csv,VALID,Ā,2633,2650,2656,2644,2649,2659,2633,2633,2633,2633,2633
389,PHILADELPHIA INTERNATIONAL AIRPORT,SMALL,Philadelphia International Airport.csv,VALID,Ā,16,16,17,17,17,17,17,17,16,16,16
390,PORT AUTHORITY OF ALLEGHENY COUNTY,ACDBE,Port Authority of Allegheny County.csv,VALID,Ā,217,216,215,216,220,222,220,220,220,220,220
390,PORT AUTHORITY OF ALLEGHENY COUNTY,DBE,Port Authority of Allegheny County.csv,VALID,Ā,2633,2650,2656,2644,2649,2659,2633,2633,2633,2633,2633
390,PORT AUTHORITY OF ALLEGHENY COUNTY,SMALL,Port Authority of Allegheny County.csv,VALID,Ā,16,16,17,17,17,17,17,17,16,16,16
391,PORT OF OAKLAND,SMALL,Port of Oakland.csv,VALID,Ā,198,200,200,202,200,202,207,206,208,209,210
393,SHELBY COUNTY,LOCAL,"Shelby County, TN.csv",VALID,Ā,464,489,818,352,338,329,339,332,322,320,307
393,SHELBY COUNTY,MBE,"Shelby County, TN.csv",VALID,Ā,412,436,54,0,0,0,0,0,0,0,
393,SHELBY COUNTY,SMALL,"Shelby County, TN.csv",VALID,Ā,464,489,818,352,338,329,339,332,322,320,307
393,SHELBY COUNTY,WBE,"Shelby County, TN.csv",VALID,Ā,84,84,18,0,0,0,0,0,0,0,
394,SOUTH FLORIDA WATER DISTRICT,SMALL,SouthFloridaWater-Default.csv,VALID,Ā,627,627,627,627,627,627,627,627,627,627,627
395,SOUTHEASTERN PENNSYLVANIA TRANSPORTATION AUTHORITY (SEPTA),ACDBE,Southeastern Pennsylvania Transportation Authority (SEPTA).csv,VALID,Ā,217,216,215,216,220,222,220,220,220,220,220
395,SOUTHEASTERN PENNSYLVANIA TRANSPORTATION AUTHORITY (SEPTA),DBE,Southeastern Pennsylvania Transportation Authority (SEPTA).csv,VALID,Ā,2633,2650,2656,2644,2649,2659,2633,2633,2633,2633,2633
395,SOUTHEASTERN PENNSYLVANIA TRANSPORTATION AUTHORITY (SEPTA),SMALL,Southeastern Pennsylvania Transportation Authority (SEPTA).csv,VALID,Ā,16,16,17,17,17,17,17,17,16,16,16
396,STATE OF ARKANSAS - CERTIFIED,MBE,STATE OF ARKANSAS.csv,VALID,Ā,1143,1435,1143,1440,1143,1143,1143,1143,1143,1143,1143
396,STATE OF ARKANSAS - CERTIFIED,SDV,STATE OF ARKANSAS.csv,VALID,Ā,35,45,35,45,35,35,35,35,35,35,35
396,STATE OF ARKANSAS - CERTIFIED,WBE,STATE OF ARKANSAS.csv,VALID,Ā,653,869,653,881,653,653,653,653,653,653,653
398,STATE OF WEST VIRGINIA,MBE,State of WestVirginia.csv,VALID,Ā,1158,1197,1197,1209,1248,1197,1236,1242,1200,1101,1128
398,STATE OF WEST VIRGINIA,SMALL,State of WestVirginia.csv,VALID,Ā,3924,4047,4047,4131,4296,4155,4212,4233,4032,3756,3822
398,STATE OF WEST VIRGINIA,WBE,State of WestVirginia.csv,VALID,Ā,1641,1704,1704,1743,1833,1749,1776,1800,1740,1620,1659
399,TAMPA FLORIDA PORT AUTHORITY,SMALL,Tampa Florida Port Authority.csv,VALID,YES,176,181,181,181,182,179,179,179,178,173,171
400,WYOMING DOT,DBE,Wyoming Dot.csv,VALID,YES,156,155,155,159,159,164,164,0,0,0,
401,CITY OF ROCKFORD,MBE,City of Rockford.csv,VALID,Ā,92,92,92,92,92,92,92,92,92,92,92
401,CITY OF ROCKFORD,WBE,City of Rockford.csv,VALID,Ā,82,82,82,82,82,82,82,82,82,82,82
402,PORT OF HOUSTON AUTHORITY,SMALL,PORT OF HOUSTON AUTHORITY.csv,VALID,Ā,1449,1477,1485,1497,1501,1554,1563,1509,1455,1306,1733
403,"HOWARD COUNTY, MD",DISABLED,HOWARD COUNTY.csv,VALID,Ā,34,34,34,34,34,34,34,34,34,34,34
403,"HOWARD COUNTY, MD",LOCAL,HOWARD COUNTY.csv,VALID,Ā,418,422,422,422,424,426,426,427,430,430,431
403,"HOWARD COUNTY, MD",MBE,HOWARD COUNTY.csv,VALID,Ā,748,748,748,752,752,755,756,761,763,763,767
403,"HOWARD COUNTY, MD",WBE,HOWARD COUNTY.csv,VALID,Ā,249,248,248,250,249,252,252,252,253,253,253
405,"CITY OF MEMPHIS, TN",MBE,"City Of Memphis, TN.csv",VALID,Ā,427,403,369,0,0,0,0,0,0,0,
405,"CITY OF MEMPHIS, TN",SMALL,"City Of Memphis, TN.csv",VALID,Ā,533,510,483,464,440,421,390,372,340,307,
405,"CITY OF MEMPHIS, TN",WBE,"City Of Memphis, TN.csv",VALID,Ā,73,68,63,0,0,0,0,0,0,0,
406,"FULTON COUNTY, GA",MBE,FultonCounty.csv,VALID,Ā,364,366,366,367,368,368,369,370,371,372,373
406,"FULTON COUNTY, GA",SDV,FultonCounty.csv,VALID,Ā,39,39,40,40,40,40,40,40,40,40,40
406,"FULTON COUNTY, GA",WBE,FultonCounty.csv,VALID,Ā,549,549,552,553,552,553,553,555,557,560,562
407,MIAMI-DADE COUNTY PUBLIC SCHOOL,MBE,Miami-Dade County Public School.csv,VALID,Ā,3579,3558,3546,3507,3474,3402,3339,3279,3255,3252,3219
407,MIAMI-DADE COUNTY PUBLIC SCHOOL,SMALL,Miami-Dade County Public School.csv,VALID,Ā,1158,1153,1154,1150,1138,1115,1103,1083,1071,1068,1063
407,MIAMI-DADE COUNTY PUBLIC SCHOOL,VBE,Miami-Dade County Public School.csv,VALID,Ā,37,38,38,36,35,35,35,35,35,36,34
407,MIAMI-DADE COUNTY PUBLIC SCHOOL,WBE,Miami-Dade County Public School.csv,VALID,Ā,3579,3558,3546,3507,3474,3402,3339,3279,3255,3252,3219
409,NEW YORK CITY SCHOOL CONSTRUCTION AUTHORITY (NYCSA),MBE,New York City School Construction Authority (NYCSA).csv,VALID,Ā,876,897,914,912,901,900,892,900,916,918,924
409,NEW YORK CITY SCHOOL CONSTRUCTION AUTHORITY (NYCSA),WBE,New York City School Construction Authority (NYCSA).csv,VALID,Ā,326,333,338,343,341,342,345,344,350,354,358
410,"CITY OF JACKSON, MS",MBE,"City Of Jackson, MS.csv",VALID,Ā,131,129,129,127,120,119,117,101,94,95,90
410,"CITY OF JACKSON, MS",WBE,"City Of Jackson, MS.csv",VALID,Ā,81,77,79,71,72,72,69,59,56,55,53
412,MINORITY SUPPLIER DEVELOPMENT UNITED KINGDOM (MSDUK),MBE,MSDUK.csv,VALID,Ā,700,870,888,892,900,908,912,914,912,869,890
414,"PRINCE GEORGE COUNTY, MD",LOCAL,"PRINCE GEORGE COUNTY, MD.CSV",VALID,,,,,,,,,646,657,667,676
414,"PRINCE GEORGE COUNTY, MD",SMALL,"PRINCE GEORGE COUNTY, MD.CSV",VALID,,,,,,,,,646,657,667,676
415,RALEIGH DURHAM AIRPORT AUTHORITY,ACDBE,Raleigh Durham Airport Authority.csv,VALID,Ā,435,435,437,436,436,436,435,435,435,49,50
415,RALEIGH DURHAM AIRPORT AUTHORITY,DBE,Raleigh Durham Airport Authority.csv,VALID,Ā,2276,2276,2197,2197,2197,2197,2163,2163,2163,1,1
415,RALEIGH DURHAM AIRPORT AUTHORITY,MBE,Raleigh Durham Airport Authority.csv,VALID,Ā,244,249,251,236,233,233,230,229,229,229,229
415,RALEIGH DURHAM AIRPORT AUTHORITY,WBE,Raleigh Durham Airport Authority.csv,VALID,Ā,142,143,141,135,130,130,128,128,128,128,128
415,RALEIGH DURHAM AIRPORT AUTHORITY,SMALL,Raleigh Durham Airport Authority.csv,VALID,,,,,,49,57,68,73,81,87,119
419,WAVE TRANSIT SYSTEM,DBE,Wave Transit System.csv,VALID,YES,106,106,106,107,109,109,109,109,109,108,108
420,STATE OF MISSISSIPPI,MBE,STATE OF MISSISSIPPI.csv,VALID,Ā,492,487,488,491,495,492,492,488,486,4143,198
420,STATE OF MISSISSIPPI,WBE,STATE OF MISSISSIPPI.csv,VALID,Ā,467,465,464,456,460,459,461,460,461,2216,178
431,SMALL BUSINESS ADMINISTRATION,8A,SBA_8A_DSBS.csv,VALID,YES,8649,8508,8600,5413,5314,1962,5355,5210,5171,4298,4143
431,SMALL BUSINESS ADMINISTRATION,HUBZONE,SBA_HUBZONE_DSBS.csv,VALID,YES,7403,8363,4541,4618,4681,2583,4970,4902,5086,5430,5464
431,SMALL BUSINESS ADMINISTRATION,VOSB,SBA_VOSB_DSBS.csv,VALID,YES,8733,9132,9100,8988,36155,23387,38383,38407,39119,39652,39878
431,SMALL BUSINESS ADMINISTRATION,EDWOSB,SBA_EDWOSB_DSBS.csv,VALID,YES,4765,4819,4868,4995,5044,4767,6631,6718,7000,5602,7315
431,SMALL BUSINESS ADMINISTRATION,SDVOSB,SBA_SDVOSB_DSBS.csv,VALID,YES,28623,28790,32028,29737,30497,22627,32467,32488,33132,33650,33886
431,SMALL BUSINESS ADMINISTRATION,WOSB,SBA_WOSB_DSBS.csv,VALID,YES,16057,15859,14958,17001,17302,14633,20373,20522,21209,21691,22014
434,GOVERNMENT OF CANADA - INDIGENOUS BUSINESS DIRECTORY,MBE,GOVERNMENT OF CANADA INDIGENOUS BUSINESS DIRECTORY.csv,VALID,YES,2977,3065,3126,3036,2914,2781,2809,2864,2764,2821,2867
435,CANADIAN COUNCIL FOR ABORIGINAL BUSINESS (CCAB),MBE,CANADIAN COUNCIL FOR ABORIGINAL BUSINESS (CCAB).csv,VALID,YES,1744,0,1445,1538,1703,1730,1821,1821,1898,1875,1902
436,GOVERNMENT OF MANITOBA - INDIGENOUS BUSINESS DIRECTORY,MBE,GOVERNMENT OF MANITOBA INDIGENOUS BUSINESS.csv,VALID,YES,421,428,428,436,440,440,440,440,440,446,446
475,CONNECTICUT DEPARTMENT OF TRANSPORTATION,DBE,CONNECTICUT DEPARTMENT OF TRANSPORTATION.csv,VALID,YES,821,821,828,838,844,849,849,849,866,860,859
476,DELAWARE DEPARTMENT OF TRANSPORTATION,ACDBE,DELAWARE DEPARTMENT OF TRANSPORTATION.csv,VALID,Ā,24,25,25,25,27,27,27,27,27,27,27
476,DELAWARE DEPARTMENT OF TRANSPORTATION,DBE,DELAWARE DEPARTMENT OF TRANSPORTATION.csv,VALID,Ā,659,664,666,673,683,685,686,686,686,686,685
478,LEE COUNTY PORT AUTHORITY,ACDBE,LEE COUNTY PORT AUTHORITY.csv,VALID,Ā,7,7,7,7,0,0,0,0,0,0,
478,LEE COUNTY PORT AUTHORITY,DBE,LEE COUNTY PORT AUTHORITY.csv,VALID,Ā,7,7,7,7,7,7,7,0,0,0,
480,IOWA DEPARTMENT OF TRANSPORTATION,DBE,IOWA DEPARTMENT OF TRANSPORTATION.csv,VALID,YES,367,367,361,358,360,357,357,0,0,0,
481,KANSAS DEPARTMENT OF TRANSPORTATION,DBE,KANSAS DEPARTMENT OF TRANSPORTATION.csv,VALID,Ā,524,521,525,525,525,527,527,0,0,0,
483,LOUISIANA DEPARTMENT OF TRANSPORTATION,DBE,LOUISIANA DEPARTMENT OF TRANSPORTATION.csv,VALID,YES,9764,9774,9798,9844,13343,13444,9960,9967,9967,9967,9962
485,DETRIOT DEPARTMENT OF TRANSPORTATION,DBE,DETRIOT DEPARTMENT OF TRANSPORTATION.csv,VALID,Ā,101,101,101,101,102,102,102,104,104,94,39
486,MICHIGAN DEPARTMENT OF TRANSPORTATION,DBE,MICHIGAN DEPARTMENT OF TRANSPORTATION.csv,VALID,Ā,487,493,505,508,508,505,505,288,286,156,158
486,MICHIGAN DEPARTMENT OF TRANSPORTATION,SMALL,MICHIGAN DEPARTMENT OF TRANSPORTATION.csv,VALID,,,,,,,,,26,31,44,50
487,WAYNE COUNTY HUMAN RELATIONS DIVISION,DBE,"Wayne County, MI.csv",VALID,Ā,68,68,68,68,69,70,70,112,112,70,44
488,CITY OF MINNEAPOLIS,DBE,CITY OF MINNEAPOLIS.csv,VALID,YES,14362,13843,13478,13398,13484,13629,13629,13629,0,0,
488,CITY OF MINNEAPOLIS,ACDBE,CITY OF MINNEAPOLIS.csv,VALID,YES,5385,5380,5386,5372,5378,5415,5415,5415,0,0,
488,CITY OF MINNEAPOLIS,MBE,CITY OF MINNEAPOLIS.csv,VALID,YES,5577,5324,4938,4879,4920,5006,5006,5006,0,0,
491,MINNESOTA DEPARTMENT OF TRANSPORTATION,DBE,MINNESOTA DEPARTMENT OF TRANSPORTATION.csv,VALID,YES,14362,13843,13478,13398,13479,13624,13624,13624,0,0,
492,BI-STATE DEVELOPMENT/METRO,DBE,BI-STATE DEVELOPMENT-METRO.csv,VALID,Ā,62,63,53,53,52,52,52,52,52,50,50
493,CITY OF ST. LOUIS/LAMBERT AIRPORT AUTHORITY,DBE,CITY OF ST. LOUIS-LAMBERT AIRPORT AUTHORITY.csv,VALID,YES,467,469,466,475,1043,1048,1040,1036,1033,1037,1039
494,KANSAS CITY AREA TRANSPORTATION AUTHORITY,DBE,KANSAS CITY AREA TRANSPORTATION AUTHORITY.csv,VALID,Ā,37,37,37,37,37,37,37,37,37,37,36
494,KANSAS CITY AREA TRANSPORTATION AUTHORITY,MBE,KANSAS CITY AREA TRANSPORTATION AUTHORITY.csv,VALID,Ā,13,13,13,13,13,13,13,13,13,14,14
494,KANSAS CITY AREA TRANSPORTATION AUTHORITY,SMALL,KANSAS CITY AREA TRANSPORTATION AUTHORITY.csv,VALID,Ā,5,5,5,5,5,5,5,5,5,5,5
494,KANSAS CITY AREA TRANSPORTATION AUTHORITY,WBE,KANSAS CITY AREA TRANSPORTATION AUTHORITY.csv,VALID,Ā,10,10,10,10,10,10,10,10,10,11,11
495,NEBRASKA DEPARTMENT OF TRANSPORTATION,ACDBE,NEBRASKA DEPARTMENT OF TRANSPORTATION.csv,VALID,Ā,41,41,42,45,45,44,44,44,44,44,44
495,NEBRASKA DEPARTMENT OF TRANSPORTATION,DBE,NEBRASKA DEPARTMENT OF TRANSPORTATION.csv,VALID,Ā,191,195,194,204,204,199,199,199,199,199,199
497,HARRY REID INTERNATIONAL AIRPORT,ACDBE,MCCARRAN INTERNATIONAL AIRPORT.csv,VALID,Ā,143,144,143,124,144,142,142,142,142,138,100
497,HARRY REID INTERNATIONAL AIRPORT,DBE,MCCARRAN INTERNATIONAL AIRPORT.csv,VALID,Ā,241,243,241,204,237,234,233,232,231,225,178
497,HARRY REID INTERNATIONAL AIRPORT,SMALL,MCCARRAN INTERNATIONAL AIRPORT.csv,VALID,Ā,227,225,222,197,0,0,0,0,0,0,
498,REGIONAL TRANSPORTATION COMMISSION OF SOUTHERN NEVADA,DBE,REGIONAL TRANSPORTATION COMMISSION OF SOUTHERN NEVADA.csv,VALID,Ā,1,1,1,1,1,1,1,0,0,0,
498,REGIONAL TRANSPORTATION COMMISSION OF SOUTHERN NEVADA,SMALL,REGIONAL TRANSPORTATION COMMISSION OF SOUTHERN NEVADA.csv,VALID,Ā,1,1,1,1,1,1,1,0,0,0,
500,RENO-TAHOE INTERNATIONAL AIRPORT,ACDBE,RENO-TAHOE INTERNATIONAL AIRPORT.csv,VALID,Ā,4,4,4,4,4,4,4,4,4,4,4
501,NEW HAMPSHIRE DEPARTMENT OF TRANSPORTATION,DBE,NEW HAMPSHIRE DEPARTMENT OF TRANSPORTATION.csv,VALID,YES,444,443,447,435,430,430,430,0,0,0,
502,NEW JERSEY DEPARTMENT OF TRANSPORTATION,DBE,NEW JERSEY DEPARTMENT OF TRANSPORTATION.csv,VALID,Ā,563,563,569,583,590,593,593,216,216,214,213
503,NEW JERSEY TRANSIT,DBE,NEW JERSEY TRANSIT.csv,VALID,Ā,493,494,495,498,502,502,503,503,293,259,259
504,METROPOLITAN TRANSPORTATION AUTHORITY,DBE,METROPOLITAN TRANSPORTATION AUTHORITY.csv,VALID,Ā,931,937,942,949,954,951,952,952,953,953,952
505,NEW YORK DEPARTMENT OF TRANSPORTATION,ACDBE,NEW YORK DEPARTMENT OF TRANSPORTATION.csv,VALID,Ā,10,10,10,10,10,10,10,10,10,10,10
505,NEW YORK DEPARTMENT OF TRANSPORTATION,DBE,NEW YORK DEPARTMENT OF TRANSPORTATION.csv,VALID,Ā,806,809,807,816,829,831,828,821,821,819,812
506,NORTH CAROLINA DEPARTMENT OF TRANSPORTATION,ACDBE,NORTH CAROLINA DEPARTMENT OF TRANSPORTATION.csv,Valid,Ā,340,336,336,340,345,351,351,353,349,344,335
506,NORTH CAROLINA DEPARTMENT OF TRANSPORTATION,DBE,NORTH CAROLINA DEPARTMENT OF TRANSPORTATION.csv,Valid,Ā,2616,2602,2572,2592,2628,2650,2661,2664,2632,2607,2564
506,NORTH CAROLINA DEPARTMENT OF TRANSPORTATION,MBE,NORTH CAROLINA DEPARTMENT OF TRANSPORTATION.csv,Valid,Ā,1932,1916,1891,1903,1929,1947,1954,1957,1930,1905,1869
506,NORTH CAROLINA DEPARTMENT OF TRANSPORTATION,SMALL,NORTH CAROLINA DEPARTMENT OF TRANSPORTATION.csv,Valid,Ā,1485,1510,1523,1521,1537,1572,1604,1620,1448,1342,1164
506,NORTH CAROLINA DEPARTMENT OF TRANSPORTATION,WBE,NORTH CAROLINA DEPARTMENT OF TRANSPORTATION.csv,Valid,Ā,677,679,673,681,691,694,698,698,693,693,686
507,GREATER CLEVELAND REGIONAL TRANSIT AUTHORITY,DBE,GREATER CLEVELAND REGIONAL TRANSIT AUTHORITY.csv,VALID,Ā,923,937,943,955,960,957,957,0,0,0,
508,OHIO DEPARTMENT OF TRANSPORTATION,ACDBE,OHIO DEPARTMENT OF TRANSPORTATION.csv,VALID,Ā,617,646,665,667,689,699,699,0,0,0,
508,OHIO DEPARTMENT OF TRANSPORTATION,DBE,OHIO DEPARTMENT OF TRANSPORTATION.csv,VALID,Ā,6585,6692,6773,6845,6913,6969,6969,0,0,0,
509,OKLAHOMA DEPARTMENT OF TRANSPORTATION,ACDBE,OKLAHOMA DEPARTMENT OF TRANSPORTATION.csv,VALID,Ā,237,235,231,232,231,231,226,226,226,226,226
509,OKLAHOMA DEPARTMENT OF TRANSPORTATION,DBE,OKLAHOMA DEPARTMENT OF TRANSPORTATION.csv,VALID,Ā,594,600,600,605,610,618,611,611,610,610,609
511,ALLEGHENY COUNTY,ACDBE,ALLEGHENY COUNTY.csv,VALID,Ā,23,22,20,21,21,21,21,21,21,21,20
511,ALLEGHENY COUNTY,DBE,ALLEGHENY COUNTY.csv,VALID,Ā,472,473,469,469,470,472,468,467,463,459,447
513,PUERTO RICO HIGHWAY AND TRANSIT AUTHORITY,ACDBE,PUERTO RICO HIGHWAY AND TRANSIT AUTHORITY.csv,VALID,Ā,45,45,45,46,50,50,50,50,50,50,
513,PUERTO RICO HIGHWAY AND TRANSIT AUTHORITY,DBE,PUERTO RICO HIGHWAY AND TRANSIT AUTHORITY.csv,VALID,Ā,239,239,239,225,226,227,227,227,227,227,
517,RHODE ISLAND DEPARTMENT OF TRANSPORTATION,ACDBE,RHODE ISLAND DEPARTMENT OF TRANSPORTATION.csv,VALID,Ā,58,58,59,59,60,60,0,0,0,0,
517,RHODE ISLAND DEPARTMENT OF TRANSPORTATION,DBE,RHODE ISLAND DEPARTMENT OF TRANSPORTATION.csv,VALID,Ā,675,675,682,687,699,704,960,704,697,688,686
519,SOUTH CAROLINA DEPARTMENT OF TRANSPORTATION,DBE,SOUTH CAROLINA DEPARTMENT OF TRANSPORTATION.csv,VALID,YES,1125,1445,1128,1151,1154,1154,1154,0,0,0,
521,TENNESSEE DEPARTMENT OF TRANSPORTATION,DBE,TENNESSEE DEPARTMENT OF TRANSPORTATION.csv,VALID,Ā,5234,5190,5220,1622,1625,1733,5238,5385,5391,5295,5389
524,WEST VIRGINIA DEPARTMENT OF TRANSPORTATION,DBE,WEST VIRGINIA DEPARTMENT OF TRANSPORTATION.csv,VALID,YES,298,298,299,305,305,307,305,306,306,0,
529,MAINE DEPARTMENT OF TRANSPORTATION,ACDBE,MAINE DEPARTMENT OF TRANSPORTATION.csv,Valid,Ā,26,27,28,28,32,32,32,0,0,0,
529,MAINE DEPARTMENT OF TRANSPORTATION,DBE,MAINE DEPARTMENT OF TRANSPORTATION.csv,Valid,Ā,166,165,166,170,182,183,183,0,0,0,
531,CLEVELAND HOPKINS INTERNATIONAL AIRPORT,ACDBE,CLEVELAND HOPKINS INTERNATIONAL AIRPORT.csv,VALID,Ā,330,330,330,330,329,329,329,0,0,0,
531,CLEVELAND HOPKINS INTERNATIONAL AIRPORT,DBE,CLEVELAND HOPKINS INTERNATIONAL AIRPORT.csv,VALID,Ā,579,588,588,588,590,590,590,0,0,0,
535,ARKANSAS UNIFIED CERTIFICATION ĀPROGRAM Ā(ARUCP),ACDBE,ARKANSAS UNIFIED CERTIFICATION  PROGRAM  (ARUCP).csv,VALID,Ā,31,31,31,34,37,37,37,0,0,0,
535,ARKANSAS UNIFIED CERTIFICATION ĀPROGRAM Ā(ARUCP),DBE,ARKANSAS UNIFIED CERTIFICATION  PROGRAM  (ARUCP).csv,VALID,Ā,343,333,333,347,348,348,348,0,0,0,
535,ARKANSAS UNIFIED CERTIFICATION ĀPROGRAM Ā(ARUCP),SMALL,ARKANSAS UNIFIED CERTIFICATION  PROGRAM  (ARUCP).csv,VALID,Ā,71,69,69,69,69,69,0,0,0,0,
536,HAWAII UNIFIED CERTIFICATION PROGRAM (HIUCP),ACDBE,HAWAII UNIFIED CERTIFICATION PROGRAM (HIUCP).csv,VALID,Ā,66,65,65,65,69,69,69,69,69,69,18
536,HAWAII UNIFIED CERTIFICATION PROGRAM (HIUCP),SMALL,HAWAII UNIFIED CERTIFICATION PROGRAM (HIUCP).csv,VALID,Ā,477,479,480,481,486,486,486,486,486,486,229
537,NEW MEXICO UNIFIED CERTIFICATION PROGRAM (NMUCP),ACDBE,NEW MEXICO UNIFIED CERTIFICATION PROGRAM (NMUCP).csv,VALID,Ā,62,63,63,62,64,65,64,0,0,0,
537,NEW MEXICO UNIFIED CERTIFICATION PROGRAM (NMUCP),DBE,NEW MEXICO UNIFIED CERTIFICATION PROGRAM (NMUCP).csv,VALID,Ā,412,414,414,419,425,427,427,0,0,0,
552,MICHIGAN SMALL BUSINESS ASSOCIATION,SMALL,Michigan Small Business Administration.csv,VALID,YES,149,159,159,159,159,159,159,0,0,0,
555,BUYVETERAN,VBE,BUYVETERAN.csv,VALID,YES,3029,3034,2992,2992,3078,3078,3013,3009,3046,3070,3102
556,WAYNE COUNTY AIRPORT AUTHORITY,SMALL,Wayne County Airport Authority.csv,Valid,Ā,501,515,512,514,507,499,495,492,496,481,465
557,"DUPAGE COUNTY, IL",MBE,DupageCounty.csv,VALID,Ā,25,27,27,27,27,27,27,29,29,25,25
557,"DUPAGE COUNTY, IL",WBE,DupageCounty.csv,VALID,Ā,34,34,35,33,34,34,34,33,36,36,36
591,CALIFORNIA GREEN BUSINESS NETWORK,SUST,California Green Business Network.csv,VALID,YES,3738,3766,3784,3797,3762,3787,3787,3781,3797,3797,3706
602,CITY OF CHAMPAIGN,MBE,"City of Champaign, IL.csv",VALID,Ā,63,57,56,53,51,50,50,47,48,47,45
602,CITY OF CHAMPAIGN,VBE,"City of Champaign, IL.csv",VALID,Ā,2,2,2,2,2,2,2,2,2,2,2
602,CITY OF CHAMPAIGN,WBE,"City of Champaign, IL.csv",VALID,Ā,60,60,60,60,57,55,55,55,56,55,55
603,CITY OF PEORIA,MBE,"City of Peoria, IL.csv",Valid,Ā,69,69,69,43,33,29,29,29,29,30,30
603,CITY OF PEORIA,WBE,"City of Peoria, IL.csv",VALID,Ā,52,52,52,36,25,21,21,21,21,25,26
642,COLUMBUS CITY SCHOOLS,LEDE,COLUMBUS CITY SCHOOLS.csv,VALID,YES,2613,2613,2613,2605,2605,2613,2613,2613,2605,2670,2670
648,AUSTRALIAN VETERAN OWNED BUSINESS,VBE,Australian Veteran Owned Business.csv,VALID,YES,251,241,140,200,257,264,265,270,260,180,271
649,NORTHERN TERRITORY INDIGENOUS BUSINESS NETWORK (NTIBN),MBE,Northern Territory Indigenous Business Network (NTIBN).csv,VALID,Ā,410,412,381,429,431,433,433,434,437,438,440
650,"CITY OF ASHVILLE, NC",MBE,"City of Asheville,NC.csv",valid,Ā,175,175,58,58,58,58,58,141,147,58,59
650,"CITY OF ASHVILLE, NC",WBE,"City of Asheville,NC.csv",VALID,Ā,175,175,47,48,47,47,47,47,47,47,47
651,"CITY OF ALBANY, NY",MBE,"City of Albany, NY.csv",VALID,Ā,172,173,172,172,176,176,178,178,178,178,178
651,"CITY OF ALBANY, NY",WBE,"City of Albany, NY.csv",VALID,Ā,156,155,155,155,159,159,160,160,160,160,160
652,"CITY OF AUGUSTA, GA",MBE,"City of Augusta, GAMBE.csv",VALID,Ā,192,192,191,189,85,61,55,63,63,63,62
652,"CITY OF AUGUSTA, GA",WBE,"City of Augusta, GAMBE.csv",VALID,Ā,130,130,130,129,60,42,37,63,63,63,62
652,"CITY OF AUGUSTA, GA",LOCAL,"City of Augusta, GAMBE.csv",VALID,,,,,,,,,19,20,17,17
652,"CITY OF AUGUSTA, GA",SMALL,"City of Augusta, GAMBE.csv",VALID,,,,,,,,,19,20,17,17
654,"CITY OF FT. WAYNE, IN",ESBE,"City of Ft. Wayne, IN.csv",VALID,Ā,27,29,29,29,111,33,23,33,33,31,31
655,"CITY OF GAINESVILLE, FL",DISABLED,"City of Gainesville, FL.csv",Valid,Ā,4,4,3,3,3,4,4,4,4,3,3
655,"CITY OF GAINESVILLE, FL",MBE,"City of Gainesville, FL.csv",Valid,Ā,20,19,20,20,21,21,22,22,23,23,24
655,"CITY OF GAINESVILLE, FL",SDV,"City of Gainesville, FL.csv",Valid,Ā,4,4,3,3,3,4,4,4,4,3,3
655,"CITY OF GAINESVILLE, FL",SMALL,"City of Gainesville, FL.csv",Valid,Ā,177,179,180,179,181,181,183,183,184,183,186
655,"CITY OF GAINESVILLE, FL",VBE,"City of Gainesville, FL.csv",Valid,Ā,4,4,3,3,3,4,4,4,4,3,3
655,"CITY OF GAINESVILLE, FL",WBE,"City of Gainesville, FL.csv",Valid,Ā,18,18,18,18,19,20,19,19,19,19,20
656,"CITY OF GRAND RAPIDS, MI",LOCAL,"City of Grand Rapids, MI.csv",VALID,YES,113,113,113,107,113,113,113,115,115,118,118
657,"CITY OF OAKLAND, CA",LOCAL,"City of Oakland, CA.csv",Valid,Ā,324,328,332,321,318,334,334,323,334,338,337
657,"CITY OF OAKLAND, CA",SLBE,"City of Oakland, CA.csv",VALID,Ā,223,226,230,218,216,226,223,212,220,223,221
657,"CITY OF OAKLAND, CA",SMALL,"City of Oakland, CA.csv",Valid,Ā,223,226,230,218,430,452,446,424,440,223,442
659,BROWARD COUNTY PUBLIC SCHOOLS,ESBE,Broward County Public Schools.csv,Valid,Ā,445,445,403,403,465,465,465,465,465,465,465
659,BROWARD COUNTY PUBLIC SCHOOLS,MBE,Broward County Public Schools.csv,Valid,Ā,499,499,470,470,470,470,470,470,470,470,470
659,BROWARD COUNTY PUBLIC SCHOOLS,SMALL,Broward County Public Schools.csv,Valid,Ā,619,619,583,583,583,583,583,583,583,583,583
659,BROWARD COUNTY PUBLIC SCHOOLS,WBE,Broward County Public Schools.csv,valid,Ā,217,217,317,317,317,317,317,317,317,317,317
660,"WESTCHESTER COUNTY, NY",MBE,"Westchester County, NY.csv",VALID,Ā,1526,1549,1507,1565,1568,1584,1606,1617,1618,1623,1632
660,"WESTCHESTER COUNTY, NY",WBE,"Westchester County, NY.csv",VALID,Ā,1502,1509,1464,1532,1539,1551,1567,1573,1580,1589,1602
668,ALBERTA METISWORKS,MBE,Alberta MetisWorks.csv,VALID,YES,0,335,336,335,336,337,337,340,341,344,345
